CPU: ID 0x406e3, Processor Type 0x0, Family 0x6, Model 0x4e, Stepping 0x3
Northbridge: 8086:1904 (6th generation (Skylake family) Core Processor (Mobile))
Southbridge: 8086:9d48 (Sunrise Point-LP U Premium/Skylake)
IGD: 8086:1916 (Intel(R) HD Graphics 520)
Trying to reveal Primary to Sideband Bridge (P2SB),
let's hope the OS doesn't mind... done.
SBREG_BAR = 0xfd000000 (MEM)

Hiding Primary to Sideband Bridge (P2SB).

============= GPIOS =============

------- GPIO Community 0 -------

PCR Port ID: 0xaf0000

------- GPIO Group GPP_A -------
0x0400: 0x0000001844000702 GPP_A0       RCIN#               
0x0408: 0x0000001944000702 GPP_A1       LAD0                
0x0410: 0x0000001a44000702 GPP_A2       LAD1                
0x0418: 0x0000001b44000702 GPP_A3       LAD2                
0x0420: 0x0000001c44000702 GPP_A4       LAD3                
0x0428: 0x0000001d44000700 GPP_A5       LFRAME#             
0x0430: 0x0000001e44000702 GPP_A6       SERIRQ              
0x0438: 0x0000001f44000702 GPP_A7       PIRQA#              
0x0440: 0x0000002044000700 GPP_A8       CLKRUN#             
0x0448: 0x0000002144000700 GPP_A9       CLKOUT_LPC0         
0x0450: 0x0000002244000700 GPP_A10      CLKOUT_LPC1         
0x0458: 0x0000002344000300 GPP_A11      GPIO                
0x0460: 0x0000002444000300 GPP_A12      GPIO                
0x0468: 0x0000002544000700 GPP_A13      SUSWARN#/SUSPWRDNACK
0x0470: 0x0000002644000300 GPP_A14      GPIO                
0x0478: 0x0000002744000300 GPP_A15      GPIO                
0x0480: 0x0000002844000500 GPP_A16      SD_1P8_SEL          
0x0488: 0x0000002944000700 GPP_A17      SD_PWR_EN#          
0x0490: 0x0000002a44000300 GPP_A18      GPIO                
0x0498: 0x0000002b44000300 GPP_A19      GPIO                
0x04a0: 0x0000002c44000300 GPP_A20      GPIO                
0x04a8: 0x0000002d44000300 GPP_A21      GPIO                
0x04b0: 0x0000002e44000300 GPP_A22      GPIO                
0x04b8: 0x0000002f44000300 GPP_A23      GPIO                
------- GPIO Group GPP_B -------
0x04c0: 0x0000003044000300 GPP_B0       GPIO                
0x04c8: 0x0000003144000300 GPP_B1       GPIO                
0x04d0: 0x0000003244000300 GPP_B2       GPIO                
0x04d8: 0x0000003344000300 GPP_B3       GPIO                
0x04e0: 0x0000003444000300 GPP_B4       GPIO                
0x04e8: 0x0000003544000700 GPP_B5       SRCCLKREQ0#         
0x04f0: 0x0000003644000702 GPP_B6       SRCCLKREQ1#         
0x04f8: 0x0000003744000702 GPP_B7       SRCCLKREQ2#         
0x0500: 0x0000003844000300 GPP_B8       GPIO                
0x0508: 0x0000003944000700 GPP_B9       SRCCLKREQ4#         
0x0510: 0x0000003a44000700 GPP_B10      SRCCLKREQ5#         
0x0518: 0x0000003b44000300 GPP_B11      GPIO                
0x0520: 0x0000003c44000300 GPP_B12      GPIO                
0x0528: 0x0000003d44000700 GPP_B13      PLTRST#             
0x0530: 0x0000003e44000700 GPP_B14      SPKR                
0x0538: 0x0000003f44000300 GPP_B15      GPIO                
0x0540: 0x0000004044000300 GPP_B16      GPIO                
0x0548: 0x0000004144000300 GPP_B17      GPIO                
0x0550: 0x0000004244000100 GPP_B18      GPIO                
0x0558: 0x0000004344000300 GPP_B19      GPIO                
0x0560: 0x0000004484000200 GPP_B20      GPIO                
0x0568: 0x0000004544800100 GPP_B21      GPIO                
0x0570: 0x0000004644000300 GPP_B22      GPIO                
0x0578: 0x0000004744000702 GPP_B23      SML1ALERT#          
------- GPIO Community 1 -------

PCR Port ID: 0xae0000

------- GPIO Group GPP_C -------
0x0400: 0x0000004844000702 GPP_C0       SMBCLK              
0x0408: 0x0000004944000702 GPP_C1       SMBDATA             
0x0410: 0x0000004a44000702 GPP_C2       SMBALERT#           
0x0418: 0x0000004b44000702 GPP_C3       SML0CLK             
0x0420: 0x0000004c44000702 GPP_C4       SML0DATA            
0x0428: 0x0000004d44000700 GPP_C5       SML0ALERT#          
0x0430: 0xffffffffffffffff GPP_C6       RESERVED            
0x0438: 0xffffffffffffffff GPP_C7       RESERVED            
0x0440: 0x0000005044000300 GPP_C8       GPIO                
0x0448: 0x0000005144000300 GPP_C9       GPIO                
0x0450: 0x0000005244000300 GPP_C10      GPIO                
0x0458: 0x0000005344000300 GPP_C11      GPIO                
0x0460: 0x0000005444000300 GPP_C12      GPIO                
0x0468: 0x0000005544000300 GPP_C13      GPIO                
0x0470: 0x0000005644000200 GPP_C14      GPIO                
0x0478: 0x0000005780100102 GPP_C15      GPIO                
0x0480: 0x0000005844000702 GPP_C16      I2C0_SDA            
0x0488: 0x0000005944000702 GPP_C17      I2C0_SCL            
0x0490: 0x0000005a44000201 GPP_C18      GPIO                
0x0498: 0x0000005b44000201 GPP_C19      GPIO                
0x04a0: 0x0000005c84000200 GPP_C20      GPIO                
0x04a8: 0x0000005d84000200 GPP_C21      GPIO                
0x04b0: 0x0000005e44000100 GPP_C22      GPIO                
0x04b8: 0x0000005f44000300 GPP_C23      GPIO                
------- GPIO Group GPP_D -------
0x04c0: 0x0000006044000100 GPP_D0       GPIO                
0x04c8: 0x0000006144000300 GPP_D1       GPIO                
0x04d0: 0x0000006244000300 GPP_D2       GPIO                
0x04d8: 0x0000006344000300 GPP_D3       GPIO                
0x04e0: 0x0000006444000300 GPP_D4       GPIO                
0x04e8: 0x0000006544000100 GPP_D5       GPIO                
0x04f0: 0x0000006644000100 GPP_D6       GPIO                
0x04f8: 0x0000006744000100 GPP_D7       GPIO                
0x0500: 0x0000006844000100 GPP_D8       GPIO                
0x0508: 0x0000006944000100 GPP_D9       GPIO                
0x0510: 0x0000006a44000100 GPP_D10      GPIO                
0x0518: 0x0000006b44000300 GPP_D11      GPIO                
0x0520: 0x0000006c44000100 GPP_D12      GPIO                
0x0528: 0x0000006d44000300 GPP_D13      GPIO                
0x0530: 0x0000006e44000300 GPP_D14      GPIO                
0x0538: 0x0000006f44000300 GPP_D15      GPIO                
0x0540: 0x0000007044000300 GPP_D16      GPIO                
0x0548: 0x0000007144000300 GPP_D17      GPIO                
0x0550: 0x0000007244000300 GPP_D18      GPIO                
0x0558: 0x0000007344000100 GPP_D19      GPIO                
0x0560: 0x0000107444000100 GPP_D20      GPIO                
0x0568: 0x0000007544000300 GPP_D21      GPIO                
0x0570: 0x0000007644000300 GPP_D22      GPIO                
0x0578: 0x0000007744000300 GPP_D23      GPIO                
------- GPIO Group GPP_E -------
0x0580: 0x0000001844000b02 GPP_E0       SATAGP0             
0x0588: 0x0000001944000102 GPP_E1       GPIO                
0x0590: 0x0000001a44000b02 GPP_E2       SATAGP2             
0x0598: 0x0000001b44000300 GPP_E3       GPIO                
0x05a0: 0x0000001c44000300 GPP_E4       GPIO                
0x05a8: 0x0000001d44000300 GPP_E5       GPIO                
0x05b0: 0x0000001e44000300 GPP_E6       GPIO                
0x05b8: 0x0000001f80100100 GPP_E7       GPIO                
0x05c0: 0x0000002044000100 GPP_E8       GPIO                
0x05c8: 0x0000002144000702 GPP_E9       USB2_OC0#           
0x05d0: 0x0000002244000702 GPP_E10      USB2_OC1#           
0x05d8: 0x0000002344000702 GPP_E11      USB2_OC2#           
0x05e0: 0x0000002444000702 GPP_E12      USB2_OC3#           
0x05e8: 0x0000002544000700 GPP_E13      DDPB_HPD0           
0x05f0: 0x0000002644000300 GPP_E14      GPIO                
0x05f8: 0x0000002780880102 GPP_E15      GPIO                
0x0600: 0x0000002844000300 GPP_E16      GPIO                
0x0608: 0x0000002944000702 GPP_E17      EDP_HPD             
0x0610: 0x0000002a44000702 GPP_E18      DDPB_CTRLCLK        
0x0618: 0x0000002b44000702 GPP_E19      DDPB_CTRLDATA       
0x0620: 0x0000002c44000700 GPP_E20      DDPC_CTRLCLK        
0x0628: 0x0000002d44000700 GPP_E21      DDPC_CTRLDATA       
0x0630: 0x0000002e44000300 GPP_E22      GPIO                
0x0638: 0x0000002f44000300 GPP_E23      GPIO                
------- GPIO Community 2 -------

PCR Port ID: 0xad0000

-------- GPIO Group GPD --------
0x0400: 0x0000005044000702 GPD0         BATLOW#             
0x0408: 0x0000005144000702 GPD1         ACPRESENT           
0x0410: 0x0000005244000702 GPD2         LAN_WAKE#           
0x0418: 0x0000005344000702 GPD3         PWRBTN#             
0x0420: 0x0000005444000700 GPD4         SLP_S3#             
0x0428: 0x0000005544000700 GPD5         SLP_S4#             
0x0430: 0x0000005644000700 GPD6         SLP_A#              
0x0438: 0x0000005744000301 GPD7         GPIO                
0x0440: 0x0000005844000700 GPD8         SUSCLK              
0x0448: 0x0000005944000300 GPD9         GPIO                
0x0450: 0x0000005a44000700 GPD10        SLP_S5#             
0x0458: 0x0000005b44000300 GPD11        GPIO                
------- GPIO Community 3 -------

PCR Port ID: 0xac0000

------- GPIO Group GPP_F -------
0x0400: 0x0000003044000300 GPP_F0       GPIO                
0x0408: 0x0000003144000300 GPP_F1       GPIO                
0x0410: 0x0000003244000300 GPP_F2       GPIO                
0x0418: 0x0000003344000300 GPP_F3       GPIO                
0x0420: 0x0000003444000300 GPP_F4       GPIO                
0x0428: 0x0000003544000300 GPP_F5       GPIO                
0x0430: 0x0000003644000300 GPP_F6       GPIO                
0x0438: 0x0000003744000300 GPP_F7       GPIO                
0x0440: 0x0000003844000700 GPP_F8       I2C4_SDA            
0x0448: 0x0000003944000700 GPP_F9       I2C4_SCL            
0x0450: 0x0000003a44000300 GPP_F10      GPIO                
0x0458: 0x0000003b44000300 GPP_F11      GPIO                
0x0460: 0x0000003c44000300 GPP_F12      GPIO                
0x0468: 0x0000003d44000300 GPP_F13      GPIO                
0x0470: 0x0000003e44000300 GPP_F14      GPIO                
0x0478: 0x0000003f44000300 GPP_F15      GPIO                
0x0480: 0x0000004044000300 GPP_F16      GPIO                
0x0488: 0x0000004144000300 GPP_F17      GPIO                
0x0490: 0x0000004244000300 GPP_F18      GPIO                
0x0498: 0x0000004344000300 GPP_F19      GPIO                
0x04a0: 0x0000004444000300 GPP_F20      GPIO                
0x04a8: 0x0000004544000300 GPP_F21      GPIO                
0x04b0: 0x0000004644000300 GPP_F22      GPIO                
0x04b8: 0x0000004744000300 GPP_F23      GPIO                
------- GPIO Group GPP_G -------
0x04c0: 0x0000004844000300 GPP_G0       GPIO                
0x04c8: 0x0000004944000300 GPP_G1       GPIO                
0x04d0: 0x0000004a44000300 GPP_G2       GPIO                
0x04d8: 0x0000004b44000300 GPP_G3       GPIO                
0x04e0: 0x0000004c44000300 GPP_G4       GPIO                
0x04e8: 0x0000004d44000300 GPP_G5       GPIO                
0x04f0: 0x0000004e44000300 GPP_G6       GPIO                
0x04f8: 0x0000004f44000300 GPP_G7       GPIO                



============= RCBA ==============

RCBA = 0x00000000 (MEM)

0x0000: 0x9000b848
0x0004: 0x00000008
0x0008: 0x89480000
0x000c: 0x00b848c7
0x0010: 0x008b8610
0x0014: 0x48000000
0x0018: 0xb948c689
0x001c: 0x00007000
0x0024: 0x48a4f3fc
0x0028: 0x001000b8
0x0030: 0x00e0ff00



========== ACPI/PMC =========


========== ABASE/PMBASE =========

PMBASE = 0x1800 (IO)

pmbase+0x0000: 0x0000     (PM1_STS)
pmbase+0x0002: 0x0020     (PM1_EN)
pmbase+0x0004: 0x00000001 (PM1_CNT)
pmbase+0x0008: 0x004a2ea3 (PM1_TMR)
pmbase+0x0030: 0x80002033 (SMI_EN)
pmbase+0x0034: 0x00004000 (SMI_STS)
pmbase+0x0040: 0x00000000 (GPE_CNTL)
pmbase+0x0044: 0x1060     (DEVACT_STS)
pmbase+0x0050: 0x00000000 (PM2_CNT)
pmbase+0x0054: 0x00002000 (OC_WDT_CTL)
pmbase+0x0080: 0x00000000 (GPE0_STS_31_0)
pmbase+0x0084: 0x00000000 (GPE0_STS_63_31)
pmbase+0x0088: 0x00000000 (GPE0_STS_95_64)
pmbase+0x008c: 0x00000000 (GPE0_STS_127_96)
pmbase+0x0090: 0x00000000 (GPE0_EN_31_0)
pmbase+0x0094: 0x00000000 (GPE0_EN_63_31)
pmbase+0x0098: 0x00018000 (GPE0_EN_95_64)
pmbase+0x009c: 0x0000a044 (GPE0_EN_127_96)

=========== PWRMBASE ===========

PWRMBASE = 0xfe000000 (MEM)

0x0000: 0xffffffff
0x0004: 0xffffffff
0x0008: 0xffffffff
0x000c: 0xffffffff
0x0010: 0x09210100
0x0014: 0x11052fff
0x0018: 0x294f0024
0x001c: 0x80000000
0x0024: 0x01100000
0x003c: 0x04000000
0x0048: 0x1e2dd701
0x004c: 0x00000001
0x0050: 0x1e2dd701
0x0054: 0x00000001
0x0058: 0x0001c000
0x0068: 0x04043400
0x0080: 0xbf8ff701
0x0084: 0x0201c7e1
0x0088: 0x3f8ff701
0x008c: 0x0201c7e1
0x0098: 0x0001c000
0x00a8: 0x00181300
0x00ac: 0x02006001
0x00b0: 0x00181300
0x00b4: 0x02006001
0x00c0: 0x00060a00
0x00c4: 0x85000000
0x00d0: 0x00200840
0x00d4: 0x7000f4e6
0x00e0: 0x01040001
0x00e4: 0x16bf0003
0x00e8: 0x40028018
0x00ec: 0x00000200
0x00f0: 0x30002de4
0x00f4: 0x7000f4c0
0x00fc: 0x00000002
0x0100: 0x00001308
0x0110: 0xffffffff
0x0120: 0x00000432
0x0200: 0xfffffff0
0x0204: 0x0a000000
0x0300: 0x07ffffff
0x0314: 0x1e0a4616
0x031c: 0x2b80f003
0x0320: 0x0005db01
0x0324: 0x40000006
0x0340: 0x40000008
0x034c: 0xc0000000
0x0350: 0x00040201
0x0354: 0x0200a251
0x0358: 0x0200a251
0x035c: 0x00000001
0x0368: 0x00009001
0x0370: 0x000088a0
0x0378: 0x88ff88ff
0x03a8: 0x40000029
0x03b0: 0x020a0021
0x03b4: 0x09de7e9f
0x03c0: 0x00020803
0x03d0: 0x800a2205
0x03e0: 0x60000069
0x03e8: 0x00200001
0x03ec: 0x02020000
0x0500: 0x03020100
0x0504: 0x07060504
0x0508: 0x0b0a0908
0x050c: 0x0f0e0d0c
0x0510: 0x13121110
0x0514: 0x17161514
0x0518: 0x1b1a1918
0x051c: 0x1f1e1d1c
0x0520: 0x23222120
0x0524: 0x27262524
0x0528: 0x2b2a2928
0x052c: 0x2f2e2d2c
0x0530: 0x33323130
0x0534: 0x37363534
0x0538: 0x3b3a3938
0x053c: 0x3f3e3d3c
0x0580: 0xfa40c02f
0x0584: 0xffffbfc7
0x0590: 0x05ba3fd0
0x0594: 0xfff84008
0x05a0: 0x06000606
0x05d0: 0x80000001
0x05e0: 0xfa40c02f
0x05e4: 0xffffbfc7
0x0600: 0xe0000082
0x0604: 0x20000082
0x0620: 0x80000020
0x0624: 0x000007ee
0x0628: 0x02003fbc
0x0644: 0x00000027



========== LPC/eSPI =========

Device 0:1f.0 is LPC (BC.LPC_ESPI=0)

0x0000: 0x9d488086 (ID)
0x0004: 0x0007     (CMD)
0x0006: 0x0200     (STS)
0x0008: 0x21       (RID)
0x0009: 0x00       (CC[3])
0x000a: 0x01       (CC[2])
0x000b: 0x06       (CC[1])
0x000c: 0x00       (CC[0])
0x000e: 0x80       (HTYPE)
0x002c: 0x383117aa (SS)
0x0034: 0x00       (CAPP)
0x0064: 0xd0       (SCNT)
0x0080: 0x0010     (IOD)
0x0082: 0x3f03     (IOE)
0x0084: 0x000c1641 (LGIR1)
0x0088: 0x000c0681 (LGIR2)
0x008c: 0x00040069 (LGIR3)
0x0090: 0x00000069 (LGIR4)
0x0094: 0x00000f00 (ULKMC)
0x0098: 0xff000001 (LGMR)
0x00d0: 0x2233     (FS1)
0x00d4: 0x4567     (FS2)
0x00d8: 0xffcf     (BDE)
0x00dc: 0xa2       (BC)
0x00e0: 0x000000c1 (PCCTL)



============= MCHBAR ============

MCHBAR = 0xfed10000 (MEM)

0x0000: 0xf1c03918
0x0020: 0x03f20923
0x0030: 0x77777777
0x0040: 0x4c85ac19
0x0044: 0x9926ec6a
0x004c: 0x0017302d
0x0050: 0x77777777
0x0054: 0x88888888
0x0058: 0x88888888
0x005c: 0x88888888
0x0064: 0x80000000
0x006c: 0x064ca610
0x0070: 0xe2527000
0x0074: 0x590ae51c
0x0078: 0xb4518154
0x0080: 0x04000000
0x0084: 0xe3e00000
0x0088: 0x5b000000
0x008c: 0x00000100
0x0100: 0xea0042e5
0x0120: 0x03f116a9
0x0130: 0x77777777
0x0140: 0x4c85ac19
0x0144: 0x9926ec6a
0x014c: 0x0017302d
0x0150: 0x34343433
0x0154: 0x88888888
0x0158: 0x88888888
0x015c: 0x88888888
0x0164: 0x80000000
0x016c: 0x062c7110
0x0170: 0xe2524c00
0x0174: 0x000e453a
0x0178: 0x00518154
0x0180: 0x04000000
0x0184: 0x03e00000
0x0188: 0x5b000000
0x018c: 0xfc000080
0x0200: 0xf1d03b10
0x0220: 0x03f2152a
0x0230: 0x77777777
0x0240: 0x4c85ac19
0x0244: 0x9926ec6a
0x024c: 0x0017302d
0x0250: 0x77777777
0x0254: 0x88888888
0x0258: 0x88888888
0x025c: 0x88888888
0x0264: 0x80000000
0x026c: 0x064ca610
0x0270: 0xe2527007
0x0274: 0x250e453a
0x0278: 0x40518154
0x0280: 0x04000000
0x0284: 0x03e00000
0x0288: 0x5b000000
0x028c: 0x00000100
0x0300: 0xe5d03aea
0x0320: 0x03f10ea5
0x0330: 0x77777777
0x0340: 0x4c85ac19
0x0344: 0x9926ec6a
0x034c: 0x0017302d
0x0350: 0x54536356
0x0354: 0x88888888
0x0358: 0x88888888
0x035c: 0x88888888
0x0364: 0x80000000
0x036c: 0x062c6210
0x0370: 0xe6524c07
0x0374: 0x000e453a
0x0378: 0x00518154
0x0380: 0x04000000
0x0384: 0x03e00000
0x0388: 0x5b000000
0x038c: 0xf0000080
0x0400: 0xf1e0390d
0x0420: 0x03f21929
0x0430: 0x77777777
0x0440: 0x4c85ac19
0x0444: 0x9926ec6a
0x044c: 0x0017302d
0x0450: 0x77777777
0x0454: 0x88888888
0x0458: 0x88888888
0x045c: 0x88888888
0x0464: 0x80000000
0x046c: 0x064ca610
0x0470: 0xe2526c01
0x0474: 0x000e453a
0x0478: 0x00518154
0x0480: 0x04000000
0x0484: 0x03e00000
0x0488: 0x5b000000
0x048c: 0x00010000
0x0500: 0xedc038eb
0x0520: 0x03f136ba
0x0530: 0x77777777
0x0540: 0x4c85ac19
0x0544: 0x9926ec6a
0x054c: 0x0017302d
0x0550: 0x44555445
0x0554: 0x88888888
0x0558: 0x88888888
0x055c: 0x88888888
0x0564: 0x80000000
0x056c: 0x062c7e10
0x0570: 0xee524801
0x0574: 0x000e453a
0x0578: 0x00518154
0x0580: 0x04000000
0x0584: 0x03e00000
0x0588: 0x5b000000
0x058c: 0xf80000c0
0x0600: 0xf1c03906
0x0620: 0x03f22531
0x0630: 0x77777777
0x0640: 0x4c85ac19
0x0644: 0x9926ec6a
0x064c: 0x0017302d
0x0650: 0x77777777
0x0654: 0x88888888
0x0658: 0x88888888
0x065c: 0x88888888
0x0664: 0x80000000
0x066c: 0x064ca610
0x0670: 0xe2526e08
0x0674: 0x000e453a
0x0678: 0x00518154
0x0680: 0x04000000
0x0684: 0x03e00000
0x0688: 0x5b000000
0x068c: 0x00000100
0x0700: 0xee003eea
0x0720: 0x03f13ebd
0x0730: 0x77777777
0x0740: 0x4c85ac19
0x0744: 0x9926ec6a
0x074c: 0x0017302d
0x0750: 0x67576656
0x0754: 0x88888888
0x0758: 0x88888888
0x075c: 0x88888888
0x0764: 0x80000000
0x076c: 0x062c6510
0x0770: 0xe2524e08
0x0774: 0x000e453a
0x0778: 0x00518154
0x0780: 0x04000000
0x0784: 0x03e00000
0x0788: 0x5b000000
0x078c: 0x00000100
0x0800: 0xf1e03d07
0x0820: 0x03f22531
0x0830: 0x77777777
0x0840: 0x4c85ac19
0x0844: 0x9926ec6a
0x084c: 0x0017302d
0x0850: 0x77777777
0x0854: 0x88888888
0x0858: 0x88888888
0x085c: 0x88888888
0x0864: 0x80000000
0x086c: 0x064ca610
0x0870: 0xe2526e03
0x0874: 0x000e453a
0x0878: 0x00518154
0x0880: 0x04000000
0x0884: 0x03e00000
0x0888: 0x5b000000
0x088c: 0x00000100
0x0900: 0xede03afb
0x0920: 0x03f162d0
0x0930: 0x77777777
0x0940: 0x4c85ac19
0x0944: 0x9926ec6a
0x094c: 0x0017302d
0x0950: 0x35667656
0x0954: 0x88888888
0x0958: 0x88888888
0x095c: 0x88888888
0x0964: 0x80000000
0x096c: 0x062c6610
0x0970: 0xe2524c03
0x0974: 0x000e453a
0x0978: 0x00518154
0x0980: 0x04000000
0x0984: 0x03e00000
0x0988: 0x5b000000
0x098c: 0xec000080
0x0a00: 0xf1d03d0c
0x0a20: 0x03f2192a
0x0a30: 0x77777777
0x0a40: 0x4c85ac19
0x0a44: 0x9926ec6a
0x0a4c: 0x0017302d
0x0a50: 0x77777777
0x0a54: 0x88888888
0x0a58: 0x88888888
0x0a5c: 0x88888888
0x0a64: 0x80000000
0x0a6c: 0x064ca610
0x0a70: 0xe2526e0a
0x0a74: 0x250e453a
0x0a78: 0x44518154
0x0a80: 0x04000000
0x0a84: 0x03e00000
0x0a88: 0x5b000000
0x0a8c: 0xf4010000
0x0b00: 0xedf03afd
0x0b20: 0x03f15acb
0x0b30: 0x77777777
0x0b40: 0x4c85ac19
0x0b44: 0x9926ec6a
0x0b4c: 0x0017302d
0x0b50: 0x67465665
0x0b54: 0x88888888
0x0b58: 0x88888888
0x0b5c: 0x88888888
0x0b64: 0x80000000
0x0b6c: 0x062c6610
0x0b70: 0xe2524e0a
0x0b74: 0x000e453a
0x0b78: 0x00518154
0x0b80: 0x04000000
0x0b84: 0x03e00000
0x0b88: 0x5b000000
0x0b8c: 0xf4000080
0x0c00: 0xf1e03b0b
0x0c20: 0x03f2152b
0x0c30: 0x77777777
0x0c40: 0x4c85ac19
0x0c44: 0x9926ec6a
0x0c4c: 0x0017302d
0x0c50: 0x77777777
0x0c54: 0x88888888
0x0c58: 0x88888888
0x0c5c: 0x88888888
0x0c64: 0x80000000
0x0c6c: 0x064ca610
0x0c70: 0xe2526c05
0x0c74: 0x000e453a
0x0c78: 0x00518154
0x0c80: 0x04000000
0x0c84: 0x03e00000
0x0c88: 0x5b000000
0x0c8c: 0x00000100
0x0d00: 0xedd0390b
0x0d20: 0x03f176da
0x0d30: 0x77777777
0x0d40: 0x4c85ac19
0x0d44: 0x9926ec6a
0x0d4c: 0x0017302d
0x0d50: 0x55466645
0x0d54: 0x88888888
0x0d58: 0x88888888
0x0d5c: 0x88888888
0x0d64: 0x80000000
0x0d6c: 0x064ca610
0x0d70: 0xe2526e05
0x0d74: 0x000e453a
0x0d78: 0x00518154
0x0d80: 0x04000000
0x0d84: 0x03e00000
0x0d88: 0x5b000000
0x0d8c: 0xf00000c0
0x0e00: 0xf1d03919
0x0e20: 0x03f20521
0x0e30: 0x77777777
0x0e40: 0x4c85ac19
0x0e44: 0x9926ec6a
0x0e4c: 0x0017302d
0x0e50: 0x77777777
0x0e54: 0x88888888
0x0e58: 0x88888888
0x0e5c: 0x88888888
0x0e64: 0x80000000
0x0e6c: 0x064ca610
0x0e70: 0xe2526c0c
0x0e74: 0x000e453a
0x0e78: 0x00518154
0x0e80: 0x04000000
0x0e84: 0x03e00000
0x0e88: 0x5b000000
0x0e8c: 0x00000100
0x0f00: 0xf2104111
0x0f20: 0x03f166d1
0x0f30: 0x77777777
0x0f40: 0x4c85ac19
0x0f44: 0x9926ec6a
0x0f4c: 0x0017302d
0x0f50: 0x66556755
0x0f54: 0x88888888
0x0f58: 0x88888888
0x0f5c: 0x88888888
0x0f64: 0x80000000
0x0f6c: 0x064ca510
0x0f70: 0xe252700c
0x0f74: 0x000e453a
0x0f78: 0x00518154
0x0f80: 0x04000000
0x0f84: 0x03e00000
0x0f88: 0x5b000000
0x0f8c: 0x00000100
0x1200: 0x04c735ae
0x1210: 0x00c73587
0x1218: 0x00102000
0x121c: 0x00138010
0x1220: 0x00000001
0x1224: 0x02000000
0x1300: 0x04c735ae
0x1308: 0x00000183
0x1310: 0x00c73587
0x1318: 0x00102000
0x131c: 0x00138010
0x1320: 0x00000001
0x1324: 0x02000000
0x1400: 0x04c735ae
0x140c: 0x00018010
0x1424: 0x02000000
0x1500: 0x04c735ae
0x1508: 0x00000183
0x150c: 0x00018010
0x1524: 0x02000000
0x1600: 0x4c85ac19
0x1604: 0x9926ec6a
0x1608: 0x04c735ae
0x160c: 0x00c73587
0x1610: 0x02432ac6
0x1614: 0x177287c8
0x1618: 0x1c0e9a7c
0x161c: 0x0f54e7d4
0x1620: 0x06000000
0x1624: 0x48518154
0x1628: 0x00806602
0x162c: 0x0017302d
0x1630: 0x259aa599
0x1634: 0x31cf1ce1
0x1800: 0x00000001
0x1804: 0x02432ac6
0x180c: 0x0810200e
0x1810: 0x00000010
0x1814: 0x02000000
0x1818: 0x00000001
0x1820: 0xfc010000
0x1900: 0x00000001
0x1904: 0x02432ac6
0x190c: 0x08102007
0x1910: 0x00000010
0x1914: 0x02000000
0x1918: 0x00000001
0x1920: 0x00010000
0x1a00: 0x04c735ae
0x1a0c: 0x00018010
0x1a24: 0x02000000
0x1b00: 0x04c735ae
0x1b08: 0x00000183
0x1b0c: 0x00018010
0x1b24: 0x02000000
0x1c10: 0x00c73587
0x1c18: 0x08102000
0x1c1c: 0x00120010
0x1c20: 0x00000001
0x1c24: 0x02000000
0x1d10: 0x00c73587
0x1d18: 0x08102000
0x1d1c: 0x00120010
0x1d20: 0x00000001
0x1d24: 0x02000000
0x2008: 0x00100316
0x3000: 0xf1d03919
0x3020: 0x03f20521
0x3030: 0x77777777
0x3040: 0x4c85ac19
0x3044: 0x9926ec6a
0x304c: 0x0017302d
0x3050: 0x77777777
0x3054: 0x88888888
0x3058: 0x88888888
0x305c: 0x88888888
0x3064: 0x80000000
0x306c: 0x064ca610
0x3070: 0xe2526c0c
0x3074: 0x000e453a
0x3078: 0x00518154
0x3080: 0x04000000
0x3084: 0x03e00000
0x3088: 0x5b000000
0x308c: 0x00000100
0x3100: 0xea0042e5
0x3120: 0x03f116a9
0x3130: 0x77777777
0x3140: 0x4c85ac19
0x3144: 0x9926ec6a
0x314c: 0x0017302d
0x3150: 0x34343433
0x3154: 0x88888888
0x3158: 0x88888888
0x315c: 0x88888888
0x3164: 0x80000000
0x316c: 0x062c7110
0x3170: 0xe2524c00
0x3174: 0x000e453a
0x3178: 0x00518154
0x3180: 0x04000000
0x3184: 0x03e00000
0x3188: 0x5b000000
0x318c: 0xfc000080
0x3200: 0x04c735ae
0x320c: 0x00018010
0x3224: 0x02000000
0x3300: 0x04c735ae
0x3308: 0x00000183
0x330c: 0x00018010
0x3324: 0x02000000
0x3410: 0x00c73587
0x3418: 0x08102000
0x341c: 0x00120010
0x3420: 0x00000001
0x3424: 0x02000000
0x3510: 0x00c73587
0x3518: 0x08102000
0x351c: 0x00120010
0x3520: 0x00000001
0x3524: 0x02000000
0x3600: 0xf1d03919
0x3620: 0x03f20521
0x3630: 0x77777777
0x3640: 0x4c85ac19
0x3644: 0x9926ec6a
0x364c: 0x0017302d
0x3650: 0x77777777
0x3654: 0x88888888
0x3658: 0x88888888
0x365c: 0x88888888
0x3664: 0x80000000
0x366c: 0x064ca610
0x3670: 0xe2526c0c
0x3674: 0x000e453a
0x3678: 0x00518154
0x3680: 0x04000000
0x3684: 0x03e00000
0x3688: 0x5b000000
0x368c: 0x00000100
0x3700: 0x04c735ae
0x370c: 0x00018010
0x3724: 0x02000000
0x3810: 0x00c73587
0x3818: 0x08102000
0x381c: 0x00120010
0x3820: 0x00000001
0x3824: 0x02000000
0x3900: 0x00000001
0x3904: 0x02432ac6
0x390c: 0x0810200e
0x3910: 0x00000010
0x3914: 0x02000000
0x3918: 0x00000001
0x3920: 0xfc010000
0x3a00: 0x4c85ac19
0x3a04: 0x9926ec6a
0x3a08: 0x04c735ae
0x3a0c: 0x00c73587
0x3a10: 0x02432ac6
0x3a14: 0x177287c8
0x3a18: 0x1c0e9a7c
0x3a1c: 0x0f54e7d4
0x3a20: 0x06000000
0x3a24: 0x4e518154
0x3a28: 0x00806602
0x3a2c: 0x0017302d
0x3a30: 0x259aa599
0x3a34: 0x31cf1ce1
0x4000: 0x17061c0a
0x4004: 0x00024514
0x4008: 0x170f5054
0x400c: 0x07060404
0x4010: 0x0a090808
0x4014: 0x06061013
0x4018: 0x07070404
0x401c: 0x1c004034
0x4020: 0x37373724
0x4024: 0x0e154445
0x402c: 0x00000004
0x4034: 0x00000c00
0x4038: 0x01000040
0x403c: 0x00600040
0x4040: 0x00006040
0x4044: 0x00000046
0x4054: 0x76543210
0x4068: 0x383f2838
0x406c: 0x00401010
0x4070: 0x190a0010
0x4078: 0x0000c600
0x4100: 0x0000c749
0x4108: 0x00a10ca1
0x410c: 0x00ef0d08
0x4110: 0x00ad0a1e
0x4114: 0x00a10ca1
0x4118: 0x00ef0d08
0x411c: 0x00ad0a1e
0x4120: 0x00a10ca1
0x4124: 0x00ef0d08
0x4128: 0x00ad0a1e
0x412c: 0x00a10ca1
0x4130: 0x00ef0d08
0x4134: 0x00ad0a1e
0x4138: 0x0a010102
0x4190: 0x0001000f
0x419c: 0x30000083
0x41a0: 0x61110111
0x41bc: 0x01010100
0x41c0: 0x00000011
0x41c8: 0x05000020
0x41cc: 0x0f00080e
0x41d0: 0x00000001
0x4200: 0x003f0000
0x4210: 0x01200d05
0x4214: 0x17f80746
0x4218: 0x01010101
0x421c: 0x01010101
0x4224: 0x03030303
0x4228: 0x01010100
0x4230: 0x20210210
0x4234: 0x64210210
0x4238: 0x5a009840
0x423c: 0x00ea1450
0x4240: 0x62000255
0x4244: 0x00004000
0x4248: 0x00020080
0x424c: 0x000002c0
0x4254: 0x00000001
0x4260: 0x0000000b
0x4264: 0x00000007
0x4268: 0x0000008f
0x426c: 0x000000c8
0x4270: 0x00000096
0x4274: 0xffffffff
0x4278: 0x80000001
0x4290: 0x00007000
0x429c: 0xffffffff
0x42a0: 0xffffffff
0x42a8: 0x76543210
0x42b0: 0x007b3c45
0x4330: 0xffff0001
0x4358: 0x00000002
0x4360: 0x0000007f
0x4364: 0x0000007f
0x4368: 0x0000007f
0x436c: 0x0000007f
0x4370: 0x0000007f
0x4374: 0x0000007f
0x4378: 0x0000007f
0x437c: 0x0000007f
0x4380: 0x0000007f
0x43a0: 0x00030104
0x43a4: 0x000002c0
0x43a8: 0x00200008
0x43ac: 0x0000000b
0x43b8: 0x0c0a0a0a
0x43bc: 0x09090a0c
0x43cc: 0x6450047f
0x43fc: 0x00003800
0x4400: 0x17061c0a
0x4404: 0x00024514
0x4408: 0x170f5054
0x440c: 0x07060404
0x4410: 0x0a090808
0x4414: 0x06061013
0x4418: 0x07070404
0x441c: 0x1c004034
0x4420: 0x37373724
0x4424: 0x0e154444
0x442c: 0x00000004
0x4434: 0x00000c00
0x4438: 0x01000040
0x443c: 0x00600040
0x4440: 0x00006040
0x4444: 0x00000046
0x4454: 0x76543210
0x4468: 0x383f2838
0x446c: 0x00401010
0x4470: 0x190a0010
0x4478: 0x0000c600
0x4500: 0x0000c749
0x4508: 0x00a10ca1
0x450c: 0x00ef0d08
0x4510: 0x00ad0a1e
0x4514: 0x00a10ca1
0x4518: 0x00ef0d08
0x451c: 0x00ad0a1e
0x4520: 0x00a10ca1
0x4524: 0x00ef0d08
0x4528: 0x00ad0a1e
0x452c: 0x00a10ca1
0x4530: 0x00ef0d08
0x4534: 0x00ad0a1e
0x4538: 0x0a010102
0x4590: 0x0001000f
0x459c: 0x30000083
0x45a0: 0x61110111
0x45bc: 0x01010100
0x45c0: 0x00000011
0x45c8: 0x05000020
0x45cc: 0x0f00080e
0x45d0: 0x00000001
0x4600: 0x003f0000
0x4610: 0x01200d05
0x4614: 0x17f80746
0x4618: 0x01010101
0x461c: 0x01010101
0x4624: 0x03030303
0x4628: 0x01010100
0x4630: 0x20210210
0x4634: 0x64210210
0x4638: 0x5a009840
0x463c: 0x00ea1450
0x4640: 0x62000255
0x4644: 0x00004000
0x4648: 0x00020080
0x464c: 0x000002c0
0x4654: 0x00000001
0x4660: 0x0000000b
0x4664: 0x00000007
0x4668: 0x0000008f
0x466c: 0x000000c8
0x4670: 0x00000096
0x4674: 0xffffffff
0x4678: 0x80000002
0x4690: 0x00007000
0x469c: 0xffffffff
0x46a0: 0xffffffff
0x46a8: 0x76543210
0x46b0: 0x054d29f7
0x4730: 0xffff0001
0x4758: 0x00000002
0x4760: 0x0000007f
0x4764: 0x0000007f
0x4768: 0x0000007f
0x476c: 0x0000007f
0x4770: 0x0000007f
0x4774: 0x0000007f
0x4778: 0x0000007f
0x477c: 0x0000007f
0x4780: 0x0000007f
0x47a0: 0x00030104
0x47a4: 0x000002c0
0x47a8: 0x00200008
0x47ac: 0x0000000a
0x47b8: 0x0a080809
0x47bc: 0x0a0a0909
0x47cc: 0x6450047f
0x47fc: 0x00003800
0x4804: 0x00030000
0x4808: 0x08000000
0x480c: 0x08000000
0x4810: 0x08000000
0x4814: 0x08000000
0x4818: 0x08000000
0x481c: 0x08000000
0x4820: 0x08000000
0x4824: 0x08000000
0x4830: 0x08000000
0x4834: 0x08000000
0x4838: 0x08000000
0x483c: 0x08000000
0x4840: 0x08000000
0x4844: 0x08000000
0x4848: 0x08000000
0x484c: 0x08000000
0x4858: 0x21110202
0x485c: 0x21110202
0x4860: 0x21110202
0x4864: 0x21110202
0x4868: 0x21110202
0x486c: 0x21110202
0x4870: 0x21110202
0x4874: 0x21110202
0x4880: 0x21110202
0x4884: 0x21110202
0x4888: 0x21110202
0x488c: 0x21110202
0x4890: 0x21110202
0x4894: 0x21110202
0x4898: 0x21110202
0x489c: 0x21110202
0x48a8: 0x00003000
0x48b0: 0x00003000
0x48c0: 0x00000001
0x48c4: 0x00000001
0x48e8: 0xff0007f8
0x48ec: 0x070700ff
0x48f0: 0xff0007f8
0x48f4: 0x070700ff
0x4908: 0xf00000e4
0x490c: 0xf00000e4
0x4910: 0x00000008
0x4918: 0x00000008
0x4938: 0x0a418820
0x493c: 0x0a418820
0x4940: 0x16a4a0e6
0x4944: 0x0041ee6b
0x4948: 0x16a4a0e6
0x494c: 0x0041ee6b
0x4958: 0x0000ff00
0x495c: 0x0000ff00
0x4960: 0x01010100
0x4964: 0x01010100
0x4980: 0x76543210
0x4984: 0x76543210
0x4988: 0x76543210
0x498c: 0x76543210
0x49a8: 0x01ffffff
0x49ac: 0x01ffffff
0x4c00: 0x17061c0a
0x4c04: 0x00024514
0x4c08: 0x170f5054
0x4c0c: 0x07060404
0x4c10: 0x0a090808
0x4c14: 0x06061013
0x4c18: 0x07070404
0x4c1c: 0x1c004034
0x4c20: 0x37373724
0x4c24: 0x0e154445
0x4c2c: 0x00000004
0x4c34: 0x00000c00
0x4c38: 0x01000040
0x4c3c: 0x00600040
0x4c40: 0x00006040
0x4c44: 0x00000046
0x4c54: 0x76543210
0x4c68: 0x383f2838
0x4c6c: 0x00401010
0x4c70: 0x190a0010
0x4c78: 0x0000c600
0x4d00: 0x0000c749
0x4d08: 0x00a10ca1
0x4d0c: 0x00ef0d08
0x4d10: 0x00ad0a1e
0x4d14: 0x00a10ca1
0x4d18: 0x00ef0d08
0x4d1c: 0x00ad0a1e
0x4d20: 0x00a10ca1
0x4d24: 0x00ef0d08
0x4d28: 0x00ad0a1e
0x4d2c: 0x00a10ca1
0x4d30: 0x00ef0d08
0x4d34: 0x00ad0a1e
0x4d38: 0x0a010102
0x4d90: 0x0001000f
0x4d9c: 0x30000083
0x4da0: 0x61110111
0x4dbc: 0x01010100
0x4dc0: 0x00000011
0x4dc8: 0x05000020
0x4dcc: 0x0f00080e
0x4dd0: 0x00000001
0x4e00: 0x003f0000
0x4e10: 0x01200d05
0x4e14: 0x17f80746
0x4e18: 0x01010101
0x4e1c: 0x01010101
0x4e24: 0x03030303
0x4e28: 0x01010100
0x4e30: 0x20210210
0x4e34: 0x64210210
0x4e38: 0x5a009840
0x4e3c: 0x00ea1450
0x4e40: 0x62000255
0x4e44: 0x00004000
0x4e48: 0x00020080
0x4e4c: 0x000002c0
0x4e54: 0x00000001
0x4e60: 0x0000000b
0x4e64: 0x00000007
0x4e68: 0x0000008f
0x4e6c: 0x000000c8
0x4e70: 0x00000096
0x4e74: 0xffffffff
0x4e78: 0x80000001
0x4e90: 0x00007000
0x4e9c: 0xffffffff
0x4ea0: 0xffffffff
0x4ea8: 0x76543210
0x4eb0: 0x007de5d9
0x4f30: 0xffff0001
0x4f58: 0x00000002
0x4f60: 0x0000007f
0x4f64: 0x0000007f
0x4f68: 0x0000007f
0x4f6c: 0x0000007f
0x4f70: 0x0000007f
0x4f74: 0x0000007f
0x4f78: 0x0000007f
0x4f7c: 0x0000007f
0x4f80: 0x0000007f
0x4fa0: 0x00030104
0x4fa4: 0x000002c0
0x4fa8: 0x00200008
0x4fac: 0x0000000b
0x4fb8: 0x0c0a0a0a
0x4fbc: 0x09090a0c
0x4fcc: 0x6450047f
0x4ffc: 0x00003800
0x5000: 0x00004000
0x5004: 0x00000110
0x5008: 0x00000110
0x500c: 0x00000104
0x5010: 0x00000104
0x5018: 0x00000010
0x5024: 0x120c3200
0x5030: 0x004001ab
0x5034: 0x02000006
0x5040: 0x0000120b
0x5044: 0x2d8eca7f
0x5048: 0x52a62036
0x5050: 0x79d5d1bf
0x5054: 0x23fcb23a
0x5058: 0xb70b4815
0x505c: 0xf66afe3f
0x5060: 0x00010200
0x5068: 0x39697cc3
0x5074: 0x00000010
0x5078: 0x00001844
0x5080: 0x000a4016
0x5084: 0x00010cff
0x5094: 0xffffffff
0x50a4: 0x76543210
0x50fc: 0x0000008f
0x5130: 0xa0b401c2
0x5134: 0x000f0b05
0x5138: 0x00002484
0x5400: 0xfed90001
0x5410: 0xfed91001
0x5418: 0x00000014
0x541c: 0x30000000
0x5420: 0xfed84001
0x5428: 0x00000055
0x5500: 0x00000001
0x5828: 0x74caede7
0x582c: 0x00000001
0x5830: 0x67b3fef8
0x5834: 0x00000001
0x5838: 0x009ed931
0x5840: 0x009af148
0x5848: 0x009e9f99
0x5850: 0x009e9f99
0x5858: 0x009e7cdd
0x5880: 0x00000160
0x5884: 0x00000005
0x5890: 0x0000ffff
0x5894: 0x0000ffff
0x5898: 0x0000ffff
0x589c: 0x0000ffff
0x58a4: 0x00000007
0x58bc: 0x0000007f
0x58d0: 0x0000ffff
0x58d4: 0x0000ffff
0x58d8: 0x0000ffff
0x58dc: 0x0000ffff
0x58e4: 0x005400de
0x58e8: 0x0020c755
0x58f8: 0x010c8015
0x58fc: 0x10000000
0x590c: 0x00000002
0x5918: 0x1b10040a
0x5920: 0x00000010
0x5924: 0x00000010
0x5928: 0x00ec9188
0x592c: 0x00000f34
0x5930: 0x00000078
0x5938: 0x000a0e03
0x593c: 0x016a38ef
0x5940: 0x00000004
0x5944: 0x0004f120
0x5954: 0x001c0000
0x5958: 0xf1011800
0x595c: 0x0004043d
0x5960: 0x00001440
0x5968: 0xd76cb986
0x596c: 0x43253a65
0x5974: 0x0295c308
0x5978: 0x00000029
0x597c: 0x00000028
0x5980: 0x00000026
0x5984: 0x3759d7ed
0x5994: 0x000000ff
0x5998: 0x00060614
0x599c: 0x06640000
0x59a0: 0x00dd8078
0x59a4: 0x004280c8
0x59b8: 0x30000030
0x59c0: 0x883e0000
0x5d10: 0x00000001
0x5d20: 0x00000005
0x5d24: 0x000001f4
0x5d44: 0x76543210
0x5da0: 0x00000001
0x5da8: 0x00000003
0x5e00: 0x00000008
0x5e04: 0x00000008
0x5f00: 0x00002706
0x5f04: 0x00000011
0x5f08: 0x00000014
0x5f14: 0x00000001
0x5f18: 0x00000001
0x5f3c: 0x00000017
0x5f40: 0x0008003c
0x5f48: 0x001800c8
0x5f54: 0x00000016
0x6000: 0x00000004
0x6008: 0x800000f8
0x6010: 0xfff00000
0x6014: 0x0000007f
0x6020: 0x00000001
0x6030: 0x000700b0
0x6034: 0x000700b0
0x6044: 0x76543210
0x6100: 0x00fec000
0x6200: 0x883b0000
0x6300: 0x00001888
0x6304: 0x00001888
0x63fc: 0x00000001
0x6410: 0x00000f00
0x6434: 0x76543210
0x6438: 0x004a0000
0x6800: 0x80000044
0x6804: 0x800000ff
0x7000: 0x80444444
0x701c: 0x01400000
0x702c: 0x00000003
0x7060: 0x000883e8
0x7070: 0x000083e8
0x7080: 0x000883e8
0x713c: 0x00000002
0x7178: 0x76543210
0x7180: 0x76543210
0x7184: 0x76543210
0x7190: 0x76543210
0x71a0: 0x76543210
0x71ac: 0x76543210
0x7200: 0x24924924
0x7204: 0x00924924
0x7208: 0x00924844
0x720c: 0x00924924
0x7210: 0x00004844
0x721c: 0x24924924
0x7220: 0x00004844
0x7224: 0x00000924
0x7228: 0x00004844
0x722c: 0x24924924
0x7230: 0x00004924
0x7234: 0x00024924
0x723c: 0x00024924
0x7240: 0x00000024
0x7400: 0x0a241251
0x7404: 0x0a241251
0x7408: 0x00441492
0x740c: 0x00000012
0x7410: 0x00000652
0x7414: 0x0033bb67
0x7418: 0x00341080
0x741c: 0x0033bb67
0x7424: 0x76543210
0x7454: 0x00641080
0x7458: 0x0418d608
0x745c: 0x00000212
0x7460: 0x00004100
0x746c: 0x0000048a
0x7470: 0x0a241251
0x7474: 0x0a241251
0x7500: 0x00070000
0x7504: 0x000000b0
0x7600: 0x00001888
0x7604: 0x00001888
0x7608: 0x00001888
0x77fc: 0x00000001
0x7800: 0x00444444
0x7804: 0x00004400
0x7808: 0x00004444
0x780c: 0x44444444
0x7810: 0x40004444
0x7814: 0x00000444
0x7818: 0x00000044
0x782c: 0x76543210
0x7838: 0x00004848
0x7840: 0x00001888
0x7844: 0x00001888
0x7848: 0x00001888
0x7850: 0x00001888
0x7854: 0x00042108
0x7bfc: 0x00000001
0x7db4: 0x76543210
0x7dc4: 0x76543210
0x7de0: 0x00000024
0x7de4: 0x00001888
0x7de8: 0x00000444
0x7e54: 0x76543210



============= EPBAR =============

EPBAR = 0xfed19000 (MEM)

0x0000: 0x04010002
0x0004: 0x00000001
0x0010: 0x00000001
0x0014: 0x80000001
0x001c: 0x00008001
0x0020: 0x81000002
0x0040: 0x00010005
0x0044: 0x00010501
0x0050: 0x01010001
0x0058: 0xfed18000
0x0060: 0x02000002
0x0070: 0x03000002
0x0080: 0x04000002
0x0090: 0x05000002



============= DMIBAR ============

DMIBAR = 0xfed18000 (MEM)

dmibase+0x0000: 0x04010002 (DMIVCECH)
dmibase+0x0004: 0x00000000 (DMIPVCCAP1)
dmibase+0x0008: 0x00000000 (DMIPVCCAP2)
dmibase+0x000c: 0x0000     (DMIPVCCTL)
dmibase+0x0010: 0x00000001 (DMIVC0RCAP)
dmibase+0x0014: 0x80000803 (DMIVC0RCTL)
dmibase+0x001a: 0x0000     (DMIVC0RSTS)
dmibase+0x001c: 0x00008001 (DMIVC1RCAP)
dmibase+0x0020: 0x01000100 (DMIVC1RCTL)
dmibase+0x0026: 0x0002     (DMIVC1RSTS)
dmibase+0x0034: 0x00008000 (DMIVCMRCAP)
dmibase+0x0038: 0x87000880 (DMIVCMRCTL)
dmibase+0x003e: 0x0000     (DMIVCMRSTS)
dmibase+0x0040: 0x08010005 (DMIRCLDECH)
dmibase+0x0044: 0x01010202 (DMIESD)
dmibase+0x0050: 0x00020001 (DMILE1D)
dmibase+0x0058: 0x00000000 (DMILE1A)
dmibase+0x005c: 0x00000000 (DMILUE1A)
dmibase+0x0060: 0x00010001 (DMILE2D)
dmibase+0x0068: 0xfed19000 (DMILE2A)
dmibase+0x0084: 0x00000000 (LCAP)
dmibase+0x0088: 0x0000     (LCTL)
dmibase+0x008a: 0x0000     (LSTS)
dmibase+0x0098: 0x0000     (LCTL2)
dmibase+0x009a: 0x0000     (LSTS2)
dmibase+0x01c4: 0x00000000 (DMIUESTS)
dmibase+0x01c8: 0x00000000 (DMIUEMSK)
dmibase+0x01cc: 0x00060010 (DMIUESEV)
dmibase+0x01d0: 0x00000000 (DMICESTS)
dmibase+0x01d4: 0x00002000 (DMICEMSK)


========= PCIEXBAR ========

PCIEXBAR: 0xe0000000

PCIe 00:02.0 extended config space:
0000: 86 80 16 19 07 04 10 00 07 00 00 03 10 00 00 00
0010: 04 00 00 b0 00 00 00 00 0c 00 00 a0 00 00 00 00
0020: 01 40 00 00 00 00 00 00 00 00 00 00 aa 17 c5 39
0030: 00 00 00 00 40 00 00 00 00 00 00 00 ff 01 00 00
0040: 09 70 0c 01 85 66 61 7a dc 80 15 14 00 00 00 00
0050: c1 01 00 00 31 00 00 00 00 00 00 00 01 00 00 8e
0060: 00 00 01 00 00 00 00 00 00 00 00 00 00 00 00 00
0070: 10 ac 92 00 00 80 00 10 00 00 00 00 00 00 00 00
0080: 00 00 00 00 00 00 00 00 00 00 00 00 00 00 00 00
0090: 00 00 00 00 00 00 00 00 00 00 00 00 00 00 00 00
00a0: 00 00 00 00 00 00 00 00 00 00 00 00 05 d0 01 00
00b0: 18 00 e0 fe 00 00 00 00 00 00 00 00 00 00 00 00
00c0: 00 00 00 00 00 00 00 00 00 00 00 00 00 00 00 00
00d0: 01 00 22 00 00 00 00 00 00 00 00 00 00 00 00 00
00e0: 00 00 00 00 00 00 00 00 00 80 00 00 00 00 00 00
00f0: 00 00 00 00 00 00 00 00 00 00 00 00 18 f0 e6 8c
0100: 1b 00 01 20 02 14 00 00 00 00 00 00 00 00 00 00
0110: 00 00 00 00 00 00 00 00 00 00 00 00 00 00 00 00
0120: 00 00 00 00 00 00 00 00 00 00 00 00 00 00 00 00
0130: 00 00 00 00 00 00 00 00 00 00 00 00 00 00 00 00
0140: 00 00 00 00 00 00 00 00 00 00 00 00 00 00 00 00
0150: 00 00 00 00 00 00 00 00 00 00 00 00 00 00 00 00
0160: 00 00 00 00 00 00 00 00 00 00 00 00 00 00 00 00
0170: 00 00 00 00 00 00 00 00 00 00 00 00 00 00 00 00
0180: 00 00 00 00 00 00 00 00 00 00 00 00 00 00 00 00
0190: 00 00 00 00 00 00 00 00 00 00 00 00 00 00 00 00
01a0: 00 00 00 00 00 00 00 00 00 00 00 00 00 00 00 00
01b0: 00 00 00 00 00 00 00 00 00 00 00 00 00 00 00 00
01c0: 00 00 00 00 00 00 00 00 00 00 00 00 00 00 00 00
01d0: 00 00 00 00 00 00 00 00 00 00 00 00 00 00 00 00
01e0: 00 00 00 00 00 00 00 00 00 00 00 00 00 00 00 00
01f0: 00 00 00 00 00 00 00 00 00 00 00 00 00 00 00 00
0200: 0f 00 01 30 20 00 00 00 00 00 00 00 00 00 00 00
0210: 00 00 00 00 00 00 00 00 00 00 00 00 00 00 00 00
0220: 00 00 00 00 00 00 00 00 00 00 00 00 00 00 00 00
0230: 00 00 00 00 00 00 00 00 00 00 00 00 00 00 00 00
0240: 00 00 00 00 00 00 00 00 00 00 00 00 00 00 00 00
0250: 00 00 00 00 00 00 00 00 00 00 00 00 00 00 00 00
0260: 00 00 00 00 00 00 00 00 00 00 00 00 00 00 00 00
0270: 00 00 00 00 00 00 00 00 00 00 00 00 00 00 00 00
0280: 00 00 00 00 00 00 00 00 00 00 00 00 00 00 00 00
0290: 00 00 00 00 00 00 00 00 00 00 00 00 00 00 00 00
02a0: 00 00 00 00 00 00 00 00 00 00 00 00 00 00 00 00
02b0: 00 00 00 00 00 00 00 00 00 00 00 00 00 00 00 00
02c0: 00 00 00 00 00 00 00 00 00 00 00 00 00 00 00 00
02d0: 00 00 00 00 00 00 00 00 00 00 00 00 00 00 00 00
02e0: 00 00 00 00 00 00 00 00 00 00 00 00 00 00 00 00
02f0: 00 00 00 00 00 00 00 00 00 00 00 00 00 00 00 00
0300: 13 00 01 00 00 00 00 80 00 80 00 00 00 00 00 00
0310: 00 00 00 00 00 00 00 00 00 00 00 00 00 00 00 00
0320: 00 00 00 00 00 00 00 00 00 00 00 00 00 00 00 00
0330: 00 00 00 00 00 00 00 00 00 00 00 00 00 00 00 00
0340: 00 00 00 00 00 00 00 00 00 00 00 00 00 00 00 00
0350: 00 00 00 00 00 00 00 00 00 00 00 00 00 00 00 00
0360: 00 00 00 00 00 00 00 00 00 00 00 00 00 00 00 00
0370: 00 00 00 00 00 00 00 00 00 00 00 00 00 00 00 00
0380: 00 00 00 00 00 00 00 00 00 00 00 00 00 00 00 00
0390: 00 00 00 00 00 00 00 00 00 00 00 00 00 00 00 00
03a0: 00 00 00 00 00 00 00 00 00 00 00 00 00 00 00 00
03b0: 00 00 00 00 00 00 00 00 00 00 00 00 00 00 00 00
03c0: 00 00 00 00 00 00 00 00 00 00 00 00 00 00 00 00
03d0: 00 00 00 00 00 00 00 00 00 00 00 00 00 00 00 00
03e0: 00 00 00 00 00 00 00 00 00 00 00 00 00 00 00 00
03f0: 00 00 00 00 00 00 00 00 00 00 00 00 00 00 00 00
0400: 00 00 00 00 00 00 00 00 00 00 00 00 00 00 00 00
0410: 00 00 00 00 00 00 00 00 00 00 00 00 00 00 00 00
0420: 00 00 00 00 00 00 00 00 00 00 00 00 00 00 00 00
0430: 00 00 00 00 00 00 00 00 00 00 00 00 00 00 00 00
0440: 00 00 00 00 00 00 00 00 00 00 00 00 00 00 00 00
0450: 00 00 00 00 00 00 00 00 00 00 00 00 00 00 00 00
0460: 00 00 00 00 00 00 00 00 00 00 00 00 00 00 00 00
0470: 00 00 00 00 00 00 00 00 00 00 00 00 00 00 00 00
0480: 00 00 00 00 00 00 00 00 00 00 00 00 00 00 00 00
0490: 00 00 00 00 00 00 00 00 00 00 00 00 00 00 00 00
04a0: 00 00 00 00 00 00 00 00 00 00 00 00 00 00 00 00
04b0: 00 00 00 00 00 00 00 00 00 00 00 00 00 00 00 00
04c0: 00 00 00 00 00 00 00 00 00 00 00 00 00 00 00 00
04d0: 00 00 00 00 00 00 00 00 00 00 00 00 00 00 00 00
04e0: 00 00 00 00 00 00 00 00 00 00 00 00 00 00 00 00
04f0: 00 00 00 00 00 00 00 00 00 00 00 00 00 00 00 00
0500: 00 00 00 00 00 00 00 00 00 00 00 00 00 00 00 00
0510: 00 00 00 00 00 00 00 00 00 00 00 00 00 00 00 00
0520: 00 00 00 00 00 00 00 00 00 00 00 00 00 00 00 00
0530: 00 00 00 00 00 00 00 00 00 00 00 00 00 00 00 00
0540: 00 00 00 00 00 00 00 00 00 00 00 00 00 00 00 00
0550: 00 00 00 00 00 00 00 00 00 00 00 00 00 00 00 00
0560: 00 00 00 00 00 00 00 00 00 00 00 00 00 00 00 00
0570: 00 00 00 00 00 00 00 00 00 00 00 00 00 00 00 00
0580: 00 00 00 00 00 00 00 00 00 00 00 00 00 00 00 00
0590: 00 00 00 00 00 00 00 00 00 00 00 00 00 00 00 00
05a0: 00 00 00 00 00 00 00 00 00 00 00 00 00 00 00 00
05b0: 00 00 00 00 00 00 00 00 00 00 00 00 00 00 00 00
05c0: 00 00 00 00 00 00 00 00 00 00 00 00 00 00 00 00
05d0: 00 00 00 00 00 00 00 00 00 00 00 00 00 00 00 00
05e0: 00 00 00 00 00 00 00 00 00 00 00 00 00 00 00 00
05f0: 00 00 00 00 00 00 00 00 00 00 00 00 00 00 00 00
0600: 00 00 00 00 00 00 00 00 00 00 00 00 00 00 00 00
0610: 00 00 00 00 00 00 00 00 00 00 00 00 00 00 00 00
0620: 00 00 00 00 00 00 00 00 00 00 00 00 00 00 00 00
0630: 00 00 00 00 00 00 00 00 00 00 00 00 00 00 00 00
0640: 00 00 00 00 00 00 00 00 00 00 00 00 00 00 00 00
0650: 00 00 00 00 00 00 00 00 00 00 00 00 00 00 00 00
0660: 00 00 00 00 00 00 00 00 00 00 00 00 00 00 00 00
0670: 00 00 00 00 00 00 00 00 00 00 00 00 00 00 00 00
0680: 00 00 00 00 00 00 00 00 00 00 00 00 00 00 00 00
0690: 00 00 00 00 00 00 00 00 00 00 00 00 00 00 00 00
06a0: 00 00 00 00 00 00 00 00 00 00 00 00 00 00 00 00
06b0: 00 00 00 00 00 00 00 00 00 00 00 00 00 00 00 00
06c0: 00 00 00 00 00 00 00 00 00 00 00 00 00 00 00 00
06d0: 00 00 00 00 00 00 00 00 00 00 00 00 00 00 00 00
06e0: 00 00 00 00 00 00 00 00 00 00 00 00 00 00 00 00
06f0: 00 00 00 00 00 00 00 00 00 00 00 00 00 00 00 00
0700: 00 00 00 00 00 00 00 00 00 00 00 00 00 00 00 00
0710: 00 00 00 00 00 00 00 00 00 00 00 00 00 00 00 00
0720: 00 00 00 00 00 00 00 00 00 00 00 00 00 00 00 00
0730: 00 00 00 00 00 00 00 00 00 00 00 00 00 00 00 00
0740: 00 00 00 00 00 00 00 00 00 00 00 00 00 00 00 00
0750: 00 00 00 00 00 00 00 00 00 00 00 00 00 00 00 00
0760: 00 00 00 00 00 00 00 00 00 00 00 00 00 00 00 00
0770: 00 00 00 00 00 00 00 00 00 00 00 00 00 00 00 00
0780: 00 00 00 00 00 00 00 00 00 00 00 00 00 00 00 00
0790: 00 00 00 00 00 00 00 00 00 00 00 00 00 00 00 00
07a0: 00 00 00 00 00 00 00 00 00 00 00 00 00 00 00 00
07b0: 00 00 00 00 00 00 00 00 00 00 00 00 00 00 00 00
07c0: 00 00 00 00 00 00 00 00 00 00 00 00 00 00 00 00
07d0: 00 00 00 00 00 00 00 00 00 00 00 00 00 00 00 00
07e0: 00 00 00 00 00 00 00 00 00 00 00 00 00 00 00 00
07f0: 00 00 00 00 00 00 00 00 00 00 00 00 00 00 00 00
0800: 00 00 00 00 00 00 00 00 00 00 00 00 00 00 00 00
0810: 00 00 00 00 00 00 00 00 00 00 00 00 00 00 00 00
0820: 00 00 00 00 00 00 00 00 00 00 00 00 00 00 00 00
0830: 00 00 00 00 00 00 00 00 00 00 00 00 00 00 00 00
0840: 00 00 00 00 00 00 00 00 00 00 00 00 00 00 00 00
0850: 00 00 00 00 00 00 00 00 00 00 00 00 00 00 00 00
0860: 00 00 00 00 00 00 00 00 00 00 00 00 00 00 00 00
0870: 00 00 00 00 00 00 00 00 00 00 00 00 00 00 00 00
0880: 00 00 00 00 00 00 00 00 00 00 00 00 00 00 00 00
0890: 00 00 00 00 00 00 00 00 00 00 00 00 00 00 00 00
08a0: 00 00 00 00 00 00 00 00 00 00 00 00 00 00 00 00
08b0: 00 00 00 00 00 00 00 00 00 00 00 00 00 00 00 00
08c0: 00 00 00 00 00 00 00 00 00 00 00 00 00 00 00 00
08d0: 00 00 00 00 00 00 00 00 00 00 00 00 00 00 00 00
08e0: 00 00 00 00 00 00 00 00 00 00 00 00 00 00 00 00
08f0: 00 00 00 00 00 00 00 00 00 00 00 00 00 00 00 00
0900: 00 00 00 00 00 00 00 00 00 00 00 00 00 00 00 00
0910: 00 00 00 00 00 00 00 00 00 00 00 00 00 00 00 00
0920: 00 00 00 00 00 00 00 00 00 00 00 00 00 00 00 00
0930: 00 00 00 00 00 00 00 00 00 00 00 00 00 00 00 00
0940: 00 00 00 00 00 00 00 00 00 00 00 00 00 00 00 00
0950: 00 00 00 00 00 00 00 00 00 00 00 00 00 00 00 00
0960: 00 00 00 00 00 00 00 00 00 00 00 00 00 00 00 00
0970: 00 00 00 00 00 00 00 00 00 00 00 00 00 00 00 00
0980: 00 00 00 00 00 00 00 00 00 00 00 00 00 00 00 00
0990: 00 00 00 00 00 00 00 00 00 00 00 00 00 00 00 00
09a0: 00 00 00 00 00 00 00 00 00 00 00 00 00 00 00 00
09b0: 00 00 00 00 00 00 00 00 00 00 00 00 00 00 00 00
09c0: 00 00 00 00 00 00 00 00 00 00 00 00 00 00 00 00
09d0: 00 00 00 00 00 00 00 00 00 00 00 00 00 00 00 00
09e0: 00 00 00 00 00 00 00 00 00 00 00 00 00 00 00 00
09f0: 00 00 00 00 00 00 00 00 00 00 00 00 00 00 00 00
0a00: 00 00 00 00 00 00 00 00 00 00 00 00 00 00 00 00
0a10: 00 00 00 00 00 00 00 00 00 00 00 00 00 00 00 00
0a20: 00 00 00 00 00 00 00 00 00 00 00 00 00 00 00 00
0a30: 00 00 00 00 00 00 00 00 00 00 00 00 00 00 00 00
0a40: 00 00 00 00 00 00 00 00 00 00 00 00 00 00 00 00
0a50: 00 00 00 00 00 00 00 00 00 00 00 00 00 00 00 00
0a60: 00 00 00 00 00 00 00 00 00 00 00 00 00 00 00 00
0a70: 00 00 00 00 00 00 00 00 00 00 00 00 00 00 00 00
0a80: 00 00 00 00 00 00 00 00 00 00 00 00 00 00 00 00
0a90: 00 00 00 00 00 00 00 00 00 00 00 00 00 00 00 00
0aa0: 00 00 00 00 00 00 00 00 00 00 00 00 00 00 00 00
0ab0: 00 00 00 00 00 00 00 00 00 00 00 00 00 00 00 00
0ac0: 00 00 00 00 00 00 00 00 00 00 00 00 00 00 00 00
0ad0: 00 00 00 00 00 00 00 00 00 00 00 00 00 00 00 00
0ae0: 00 00 00 00 00 00 00 00 00 00 00 00 00 00 00 00
0af0: 00 00 00 00 00 00 00 00 00 00 00 00 00 00 00 00
0b00: 00 00 00 00 00 00 00 00 00 00 00 00 00 00 00 00
0b10: 00 00 00 00 00 00 00 00 00 00 00 00 00 00 00 00
0b20: 00 00 00 00 00 00 00 00 00 00 00 00 00 00 00 00
0b30: 00 00 00 00 00 00 00 00 00 00 00 00 00 00 00 00
0b40: 00 00 00 00 00 00 00 00 00 00 00 00 00 00 00 00
0b50: 00 00 00 00 00 00 00 00 00 00 00 00 00 00 00 00
0b60: 00 00 00 00 00 00 00 00 00 00 00 00 00 00 00 00
0b70: 00 00 00 00 00 00 00 00 00 00 00 00 00 00 00 00
0b80: 00 00 00 00 00 00 00 00 00 00 00 00 00 00 00 00
0b90: 00 00 00 00 00 00 00 00 00 00 00 00 00 00 00 00
0ba0: 00 00 00 00 00 00 00 00 00 00 00 00 00 00 00 00
0bb0: 00 00 00 00 00 00 00 00 00 00 00 00 00 00 00 00
0bc0: 00 00 00 00 00 00 00 00 00 00 00 00 00 00 00 00
0bd0: 00 00 00 00 00 00 00 00 00 00 00 00 00 00 00 00
0be0: 00 00 00 00 00 00 00 00 00 00 00 00 00 00 00 00
0bf0: 00 00 00 00 00 00 00 00 00 00 00 00 00 00 00 00
0c00: 00 00 00 00 00 00 00 00 00 00 00 00 00 00 00 00
0c10: 00 00 00 00 00 00 00 00 00 00 00 00 00 00 00 00
0c20: 00 00 00 00 00 00 00 00 00 00 00 00 00 00 00 00
0c30: 00 00 00 00 00 00 00 00 00 00 00 00 00 00 00 00
0c40: 00 00 00 00 00 00 00 00 00 00 00 00 00 00 00 00
0c50: 00 00 00 00 00 00 00 00 00 00 00 00 00 00 00 00
0c60: 00 00 00 00 00 00 00 00 00 00 00 00 00 00 00 00
0c70: 00 00 00 00 00 00 00 00 00 00 00 00 00 00 00 00
0c80: 00 00 00 00 00 00 00 00 00 00 00 00 00 00 00 00
0c90: 00 00 00 00 00 00 00 00 00 00 00 00 00 00 00 00
0ca0: 00 00 00 00 00 00 00 00 00 00 00 00 00 00 00 00
0cb0: 00 00 00 00 00 00 00 00 00 00 00 00 00 00 00 00
0cc0: 00 00 00 00 00 00 00 00 00 00 00 00 00 00 00 00
0cd0: 00 00 00 00 00 00 00 00 00 00 00 00 00 00 00 00
0ce0: 00 00 00 00 00 00 00 00 00 00 00 00 00 00 00 00
0cf0: 00 00 00 00 00 00 00 00 00 00 00 00 00 00 00 00
0d00: 00 00 00 00 00 00 00 00 00 00 00 00 00 00 00 00
0d10: 00 00 00 00 00 00 00 00 00 00 00 00 00 00 00 00
0d20: 00 00 00 00 00 00 00 00 00 00 00 00 00 00 00 00
0d30: 00 00 00 00 00 00 00 00 00 00 00 00 00 00 00 00
0d40: 00 00 00 00 00 00 00 00 00 00 00 00 00 00 00 00
0d50: 00 00 00 00 00 00 00 00 00 00 00 00 00 00 00 00
0d60: 00 00 00 00 00 00 00 00 00 00 00 00 00 00 00 00
0d70: 00 00 00 00 00 00 00 00 00 00 00 00 00 00 00 00
0d80: 00 00 00 00 00 00 00 00 00 00 00 00 00 00 00 00
0d90: 00 00 00 00 00 00 00 00 00 00 00 00 00 00 00 00
0da0: 00 00 00 00 00 00 00 00 00 00 00 00 00 00 00 00
0db0: 00 00 00 00 00 00 00 00 00 00 00 00 00 00 00 00
0dc0: 00 00 00 00 00 00 00 00 00 00 00 00 00 00 00 00
0dd0: 00 00 00 00 00 00 00 00 00 00 00 00 00 00 00 00
0de0: 00 00 00 00 00 00 00 00 00 00 00 00 00 00 00 00
0df0: 00 00 00 00 00 00 00 00 00 00 00 00 00 00 00 00
0e00: 00 00 00 00 00 00 00 00 00 00 00 00 00 00 00 00
0e10: 00 00 00 00 00 00 00 00 00 00 00 00 00 00 00 00
0e20: 00 00 00 00 00 00 00 00 00 00 00 00 00 00 00 00
0e30: 00 00 00 00 00 00 00 00 00 00 00 00 00 00 00 00
0e40: 00 00 00 00 00 00 00 00 00 00 00 00 00 00 00 00
0e50: 00 00 00 00 00 00 00 00 00 00 00 00 00 00 00 00
0e60: 00 00 00 00 00 00 00 00 00 00 00 00 00 00 00 00
0e70: 00 00 00 00 00 00 00 00 00 00 00 00 00 00 00 00
0e80: 00 00 00 00 00 00 00 00 00 00 00 00 00 00 00 00
0e90: 00 00 00 00 00 00 00 00 00 00 00 00 00 00 00 00
0ea0: 00 00 00 00 00 00 00 00 00 00 00 00 00 00 00 00
0eb0: 00 00 00 00 00 00 00 00 00 00 00 00 00 00 00 00
0ec0: 00 00 00 00 00 00 00 00 00 00 00 00 00 00 00 00
0ed0: 00 00 00 00 00 00 00 00 00 00 00 00 00 00 00 00
0ee0: 00 00 00 00 00 00 00 00 00 00 00 00 00 00 00 00
0ef0: 00 00 00 00 00 00 00 00 00 00 00 00 00 00 00 00
0f00: 00 00 00 00 00 00 00 00 00 00 00 00 00 00 00 00
0f10: 00 00 00 00 00 00 00 00 00 00 00 00 00 00 00 00
0f20: 00 00 00 00 00 00 00 00 00 00 00 00 00 00 00 00
0f30: 00 00 00 00 00 00 00 00 00 00 00 00 00 00 00 00
0f40: 00 00 00 00 00 00 00 00 00 00 00 00 00 00 00 00
0f50: 00 00 00 00 00 00 00 00 00 00 00 00 00 00 00 00
0f60: 00 00 00 00 00 00 00 00 00 00 00 00 00 00 00 00
0f70: 00 00 00 00 00 00 00 00 00 00 00 00 00 00 00 00
0f80: 00 00 00 00 00 00 00 00 00 00 00 00 00 00 00 00
0f90: 00 00 00 00 00 00 00 00 00 00 00 00 00 00 00 00
0fa0: 00 00 00 00 00 00 00 00 00 00 00 00 00 00 00 00
0fb0: 00 00 00 00 00 00 00 00 00 00 00 00 00 00 00 00
0fc0: 00 00 00 00 00 00 00 00 00 00 00 00 00 00 00 00
0fd0: 00 00 00 00 00 00 00 00 00 00 00 00 00 00 00 00
0fe0: 00 00 00 00 00 00 00 00 00 00 00 00 00 00 00 00
0ff0: 00 00 00 00 00 00 00 00 00 00 00 00 00 00 00 00

PCIe 00:14.0 extended config space:
0000: 86 80 2f 9d 06 04 90 02 21 30 03 0c 00 00 80 00
0010: 04 00 10 b1 00 00 00 00 00 00 00 00 00 00 00 00
0020: 00 00 00 00 00 00 00 00 00 00 00 00 aa 17 45 38
0030: 00 00 00 00 70 00 00 00 00 00 00 00 ff 01 00 00
0040: fd 01 34 80 88 c6 0f 80 00 00 00 00 00 00 00 00
0050: 5b 6e ce 0f 00 00 00 00 00 00 00 00 00 00 00 00
0060: 30 60 00 00 00 00 00 00 00 00 00 00 00 00 00 00
0070: 01 80 c2 c1 08 00 00 00 00 00 00 00 00 00 00 00
0080: 05 00 87 00 78 02 e0 fe 00 00 00 00 00 00 00 00
0090: 09 00 14 f0 10 00 40 01 00 00 00 00 c1 0a 08 00
00a0: 00 08 00 00 00 18 00 00 8f 40 02 00 00 01 04 00
00b0: 00 00 00 00 05 00 00 00 00 00 00 00 00 00 00 00
00c0: 00 00 00 00 00 00 00 00 00 00 00 00 00 00 00 00
00d0: 00 00 00 00 05 00 00 00 00 00 00 00 00 00 00 00
00e0: 00 00 00 00 00 00 00 00 00 00 00 00 00 00 00 00
00f0: 00 00 00 00 00 00 00 00 b3 0f 40 08 00 00 00 00
0100: 86 80 2f 9d 06 04 90 02 21 30 03 0c 00 00 80 00
0110: 04 00 10 b1 00 00 00 00 00 00 00 00 00 00 00 00
0120: 00 00 00 00 00 00 00 00 00 00 00 00 aa 17 45 38
0130: 00 00 00 00 70 00 00 00 00 00 00 00 ff 01 00 00
0140: fd 01 34 80 88 c6 0f 80 00 00 00 00 00 00 00 00
0150: 5b 6e ce 0f 00 00 00 00 00 00 00 00 00 00 00 00
0160: 30 60 00 00 00 00 00 00 00 00 00 00 00 00 00 00
0170: 01 80 c2 c1 08 00 00 00 00 00 00 00 00 00 00 00
0180: 05 00 87 00 78 02 e0 fe 00 00 00 00 00 00 00 00
0190: 09 00 14 f0 10 00 40 01 00 00 00 00 c1 0a 08 00
01a0: 00 08 00 00 00 18 00 00 8f 40 02 00 00 01 04 00
01b0: 00 00 00 00 05 00 00 00 00 00 00 00 00 00 00 00
01c0: 00 00 00 00 00 00 00 00 00 00 00 00 00 00 00 00
01d0: 00 00 00 00 05 00 00 00 00 00 00 00 00 00 00 00
01e0: 00 00 00 00 00 00 00 00 00 00 00 00 00 00 00 00
01f0: 00 00 00 00 00 00 00 00 b3 0f 40 08 00 00 00 00
0200: 86 80 2f 9d 06 04 90 02 21 30 03 0c 00 00 80 00
0210: 04 00 10 b1 00 00 00 00 00 00 00 00 00 00 00 00
0220: 00 00 00 00 00 00 00 00 00 00 00 00 aa 17 45 38
0230: 00 00 00 00 70 00 00 00 00 00 00 00 ff 01 00 00
0240: fd 01 34 80 88 c6 0f 80 00 00 00 00 00 00 00 00
0250: 5b 6e ce 0f 00 00 00 00 00 00 00 00 00 00 00 00
0260: 30 60 00 00 00 00 00 00 00 00 00 00 00 00 00 00
0270: 01 80 c2 c1 08 00 00 00 00 00 00 00 00 00 00 00
0280: 05 00 87 00 78 02 e0 fe 00 00 00 00 00 00 00 00
0290: 09 00 14 f0 10 00 40 01 00 00 00 00 c1 0a 08 00
02a0: 00 08 00 00 00 18 00 00 8f 40 02 00 00 01 04 00
02b0: 00 00 00 00 05 00 00 00 00 00 00 00 00 00 00 00
02c0: 00 00 00 00 00 00 00 00 00 00 00 00 00 00 00 00
02d0: 00 00 00 00 05 00 00 00 00 00 00 00 00 00 00 00
02e0: 00 00 00 00 00 00 00 00 00 00 00 00 00 00 00 00
02f0: 00 00 00 00 00 00 00 00 b3 0f 40 08 00 00 00 00
0300: 86 80 2f 9d 06 04 90 02 21 30 03 0c 00 00 80 00
0310: 04 00 10 b1 00 00 00 00 00 00 00 00 00 00 00 00
0320: 00 00 00 00 00 00 00 00 00 00 00 00 aa 17 45 38
0330: 00 00 00 00 70 00 00 00 00 00 00 00 ff 01 00 00
0340: fd 01 34 80 88 c6 0f 80 00 00 00 00 00 00 00 00
0350: 5b 6e ce 0f 00 00 00 00 00 00 00 00 00 00 00 00
0360: 30 60 00 00 00 00 00 00 00 00 00 00 00 00 00 00
0370: 01 80 c2 c1 08 00 00 00 00 00 00 00 00 00 00 00
0380: 05 00 87 00 78 02 e0 fe 00 00 00 00 00 00 00 00
0390: 09 00 14 f0 10 00 40 01 00 00 00 00 c1 0a 08 00
03a0: 00 08 00 00 00 18 00 00 8f 40 02 00 00 01 04 00
03b0: 00 00 00 00 05 00 00 00 00 00 00 00 00 00 00 00
03c0: 00 00 00 00 00 00 00 00 00 00 00 00 00 00 00 00
03d0: 00 00 00 00 05 00 00 00 00 00 00 00 00 00 00 00
03e0: 00 00 00 00 00 00 00 00 00 00 00 00 00 00 00 00
03f0: 00 00 00 00 00 00 00 00 b3 0f 40 08 00 00 00 00
0400: 86 80 2f 9d 06 04 90 02 21 30 03 0c 00 00 80 00
0410: 04 00 10 b1 00 00 00 00 00 00 00 00 00 00 00 00
0420: 00 00 00 00 00 00 00 00 00 00 00 00 aa 17 45 38
0430: 00 00 00 00 70 00 00 00 00 00 00 00 ff 01 00 00
0440: fd 01 34 80 88 c6 0f 80 00 00 00 00 00 00 00 00
0450: 5b 6e ce 0f 00 00 00 00 00 00 00 00 00 00 00 00
0460: 30 60 00 00 00 00 00 00 00 00 00 00 00 00 00 00
0470: 01 80 c2 c1 08 00 00 00 00 00 00 00 00 00 00 00
0480: 05 00 87 00 78 02 e0 fe 00 00 00 00 00 00 00 00
0490: 09 00 14 f0 10 00 40 01 00 00 00 00 c1 0a 08 00
04a0: 00 08 00 00 00 18 00 00 8f 40 02 00 00 01 04 00
04b0: 00 00 00 00 05 00 00 00 00 00 00 00 00 00 00 00
04c0: 00 00 00 00 00 00 00 00 00 00 00 00 00 00 00 00
04d0: 00 00 00 00 05 00 00 00 00 00 00 00 00 00 00 00
04e0: 00 00 00 00 00 00 00 00 00 00 00 00 00 00 00 00
04f0: 00 00 00 00 00 00 00 00 b3 0f 40 08 00 00 00 00
0500: 86 80 2f 9d 06 04 90 02 21 30 03 0c 00 00 80 00
0510: 04 00 10 b1 00 00 00 00 00 00 00 00 00 00 00 00
0520: 00 00 00 00 00 00 00 00 00 00 00 00 aa 17 45 38
0530: 00 00 00 00 70 00 00 00 00 00 00 00 ff 01 00 00
0540: fd 01 34 80 88 c6 0f 80 00 00 00 00 00 00 00 00
0550: 5b 6e ce 0f 00 00 00 00 00 00 00 00 00 00 00 00
0560: 30 60 00 00 00 00 00 00 00 00 00 00 00 00 00 00
0570: 01 80 c2 c1 08 00 00 00 00 00 00 00 00 00 00 00
0580: 05 00 87 00 78 02 e0 fe 00 00 00 00 00 00 00 00
0590: 09 00 14 f0 10 00 40 01 00 00 00 00 c1 0a 08 00
05a0: 00 08 00 00 00 18 00 00 8f 40 02 00 00 01 04 00
05b0: 00 00 00 00 05 00 00 00 00 00 00 00 00 00 00 00
05c0: 00 00 00 00 00 00 00 00 00 00 00 00 00 00 00 00
05d0: 00 00 00 00 05 00 00 00 00 00 00 00 00 00 00 00
05e0: 00 00 00 00 00 00 00 00 00 00 00 00 00 00 00 00
05f0: 00 00 00 00 00 00 00 00 b3 0f 40 08 00 00 00 00
0600: 86 80 2f 9d 06 04 90 02 21 30 03 0c 00 00 80 00
0610: 04 00 10 b1 00 00 00 00 00 00 00 00 00 00 00 00
0620: 00 00 00 00 00 00 00 00 00 00 00 00 aa 17 45 38
0630: 00 00 00 00 70 00 00 00 00 00 00 00 ff 01 00 00
0640: fd 01 34 80 88 c6 0f 80 00 00 00 00 00 00 00 00
0650: 5b 6e ce 0f 00 00 00 00 00 00 00 00 00 00 00 00
0660: 30 60 00 00 00 00 00 00 00 00 00 00 00 00 00 00
0670: 01 80 c2 c1 08 00 00 00 00 00 00 00 00 00 00 00
0680: 05 00 87 00 78 02 e0 fe 00 00 00 00 00 00 00 00
0690: 09 00 14 f0 10 00 40 01 00 00 00 00 c1 0a 08 00
06a0: 00 08 00 00 00 18 00 00 8f 40 02 00 00 01 04 00
06b0: 00 00 00 00 05 00 00 00 00 00 00 00 00 00 00 00
06c0: 00 00 00 00 00 00 00 00 00 00 00 00 00 00 00 00
06d0: 00 00 00 00 05 00 00 00 00 00 00 00 00 00 00 00
06e0: 00 00 00 00 00 00 00 00 00 00 00 00 00 00 00 00
06f0: 00 00 00 00 00 00 00 00 b3 0f 40 08 00 00 00 00
0700: 86 80 2f 9d 06 04 90 02 21 30 03 0c 00 00 80 00
0710: 04 00 10 b1 00 00 00 00 00 00 00 00 00 00 00 00
0720: 00 00 00 00 00 00 00 00 00 00 00 00 aa 17 45 38
0730: 00 00 00 00 70 00 00 00 00 00 00 00 ff 01 00 00
0740: fd 01 34 80 88 c6 0f 80 00 00 00 00 00 00 00 00
0750: 5b 6e ce 0f 00 00 00 00 00 00 00 00 00 00 00 00
0760: 30 60 00 00 00 00 00 00 00 00 00 00 00 00 00 00
0770: 01 80 c2 c1 08 00 00 00 00 00 00 00 00 00 00 00
0780: 05 00 87 00 78 02 e0 fe 00 00 00 00 00 00 00 00
0790: 09 00 14 f0 10 00 40 01 00 00 00 00 c1 0a 08 00
07a0: 00 08 00 00 00 18 00 00 8f 40 02 00 00 01 04 00
07b0: 00 00 00 00 05 00 00 00 00 00 00 00 00 00 00 00
07c0: 00 00 00 00 00 00 00 00 00 00 00 00 00 00 00 00
07d0: 00 00 00 00 05 00 00 00 00 00 00 00 00 00 00 00
07e0: 00 00 00 00 00 00 00 00 00 00 00 00 00 00 00 00
07f0: 00 00 00 00 00 00 00 00 b3 0f 40 08 00 00 00 00
0800: 86 80 2f 9d 06 04 90 02 21 30 03 0c 00 00 80 00
0810: 04 00 10 b1 00 00 00 00 00 00 00 00 00 00 00 00
0820: 00 00 00 00 00 00 00 00 00 00 00 00 aa 17 45 38
0830: 00 00 00 00 70 00 00 00 00 00 00 00 ff 01 00 00
0840: fd 01 34 80 88 c6 0f 80 00 00 00 00 00 00 00 00
0850: 5b 6e ce 0f 00 00 00 00 00 00 00 00 00 00 00 00
0860: 30 60 00 00 00 00 00 00 00 00 00 00 00 00 00 00
0870: 01 80 c2 c1 08 00 00 00 00 00 00 00 00 00 00 00
0880: 05 00 87 00 78 02 e0 fe 00 00 00 00 00 00 00 00
0890: 09 00 14 f0 10 00 40 01 00 00 00 00 c1 0a 08 00
08a0: 00 08 00 00 00 18 00 00 8f 40 02 00 00 01 04 00
08b0: 00 00 00 00 05 00 00 00 00 00 00 00 00 00 00 00
08c0: 00 00 00 00 00 00 00 00 00 00 00 00 00 00 00 00
08d0: 00 00 00 00 05 00 00 00 00 00 00 00 00 00 00 00
08e0: 00 00 00 00 00 00 00 00 00 00 00 00 00 00 00 00
08f0: 00 00 00 00 00 00 00 00 b3 0f 40 08 00 00 00 00
0900: 86 80 2f 9d 06 04 90 02 21 30 03 0c 00 00 80 00
0910: 04 00 10 b1 00 00 00 00 00 00 00 00 00 00 00 00
0920: 00 00 00 00 00 00 00 00 00 00 00 00 aa 17 45 38
0930: 00 00 00 00 70 00 00 00 00 00 00 00 ff 01 00 00
0940: fd 01 34 80 88 c6 0f 80 00 00 00 00 00 00 00 00
0950: 5b 6e ce 0f 00 00 00 00 00 00 00 00 00 00 00 00
0960: 30 60 00 00 00 00 00 00 00 00 00 00 00 00 00 00
0970: 01 80 c2 c1 08 00 00 00 00 00 00 00 00 00 00 00
0980: 05 00 87 00 78 02 e0 fe 00 00 00 00 00 00 00 00
0990: 09 00 14 f0 10 00 40 01 00 00 00 00 c1 0a 08 00
09a0: 00 08 00 00 00 18 00 00 8f 40 02 00 00 01 04 00
09b0: 00 00 00 00 05 00 00 00 00 00 00 00 00 00 00 00
09c0: 00 00 00 00 00 00 00 00 00 00 00 00 00 00 00 00
09d0: 00 00 00 00 05 00 00 00 00 00 00 00 00 00 00 00
09e0: 00 00 00 00 00 00 00 00 00 00 00 00 00 00 00 00
09f0: 00 00 00 00 00 00 00 00 b3 0f 40 08 00 00 00 00
0a00: 86 80 2f 9d 06 04 90 02 21 30 03 0c 00 00 80 00
0a10: 04 00 10 b1 00 00 00 00 00 00 00 00 00 00 00 00
0a20: 00 00 00 00 00 00 00 00 00 00 00 00 aa 17 45 38
0a30: 00 00 00 00 70 00 00 00 00 00 00 00 ff 01 00 00
0a40: fd 01 34 80 88 c6 0f 80 00 00 00 00 00 00 00 00
0a50: 5b 6e ce 0f 00 00 00 00 00 00 00 00 00 00 00 00
0a60: 30 60 00 00 00 00 00 00 00 00 00 00 00 00 00 00
0a70: 01 80 c2 c1 08 00 00 00 00 00 00 00 00 00 00 00
0a80: 05 00 87 00 78 02 e0 fe 00 00 00 00 00 00 00 00
0a90: 09 00 14 f0 10 00 40 01 00 00 00 00 c1 0a 08 00
0aa0: 00 08 00 00 00 18 00 00 8f 40 02 00 00 01 04 00
0ab0: 00 00 00 00 05 00 00 00 00 00 00 00 00 00 00 00
0ac0: 00 00 00 00 00 00 00 00 00 00 00 00 00 00 00 00
0ad0: 00 00 00 00 05 00 00 00 00 00 00 00 00 00 00 00
0ae0: 00 00 00 00 00 00 00 00 00 00 00 00 00 00 00 00
0af0: 00 00 00 00 00 00 00 00 b3 0f 40 08 00 00 00 00
0b00: 86 80 2f 9d 06 04 90 02 21 30 03 0c 00 00 80 00
0b10: 04 00 10 b1 00 00 00 00 00 00 00 00 00 00 00 00
0b20: 00 00 00 00 00 00 00 00 00 00 00 00 aa 17 45 38
0b30: 00 00 00 00 70 00 00 00 00 00 00 00 ff 01 00 00
0b40: fd 01 34 80 88 c6 0f 80 00 00 00 00 00 00 00 00
0b50: 5b 6e ce 0f 00 00 00 00 00 00 00 00 00 00 00 00
0b60: 30 60 00 00 00 00 00 00 00 00 00 00 00 00 00 00
0b70: 01 80 c2 c1 08 00 00 00 00 00 00 00 00 00 00 00
0b80: 05 00 87 00 78 02 e0 fe 00 00 00 00 00 00 00 00
0b90: 09 00 14 f0 10 00 40 01 00 00 00 00 c1 0a 08 00
0ba0: 00 08 00 00 00 18 00 00 8f 40 02 00 00 01 04 00
0bb0: 00 00 00 00 05 00 00 00 00 00 00 00 00 00 00 00
0bc0: 00 00 00 00 00 00 00 00 00 00 00 00 00 00 00 00
0bd0: 00 00 00 00 05 00 00 00 00 00 00 00 00 00 00 00
0be0: 00 00 00 00 00 00 00 00 00 00 00 00 00 00 00 00
0bf0: 00 00 00 00 00 00 00 00 b3 0f 40 08 00 00 00 00
0c00: 86 80 2f 9d 06 04 90 02 21 30 03 0c 00 00 80 00
0c10: 04 00 10 b1 00 00 00 00 00 00 00 00 00 00 00 00
0c20: 00 00 00 00 00 00 00 00 00 00 00 00 aa 17 45 38
0c30: 00 00 00 00 70 00 00 00 00 00 00 00 ff 01 00 00
0c40: fd 01 34 80 88 c6 0f 80 00 00 00 00 00 00 00 00
0c50: 5b 6e ce 0f 00 00 00 00 00 00 00 00 00 00 00 00
0c60: 30 60 00 00 00 00 00 00 00 00 00 00 00 00 00 00
0c70: 01 80 c2 c1 08 00 00 00 00 00 00 00 00 00 00 00
0c80: 05 00 87 00 78 02 e0 fe 00 00 00 00 00 00 00 00
0c90: 09 00 14 f0 10 00 40 01 00 00 00 00 c1 0a 08 00
0ca0: 00 08 00 00 00 18 00 00 8f 40 02 00 00 01 04 00
0cb0: 00 00 00 00 05 00 00 00 00 00 00 00 00 00 00 00
0cc0: 00 00 00 00 00 00 00 00 00 00 00 00 00 00 00 00
0cd0: 00 00 00 00 05 00 00 00 00 00 00 00 00 00 00 00
0ce0: 00 00 00 00 00 00 00 00 00 00 00 00 00 00 00 00
0cf0: 00 00 00 00 00 00 00 00 b3 0f 40 08 00 00 00 00
0d00: 86 80 2f 9d 06 04 90 02 21 30 03 0c 00 00 80 00
0d10: 04 00 10 b1 00 00 00 00 00 00 00 00 00 00 00 00
0d20: 00 00 00 00 00 00 00 00 00 00 00 00 aa 17 45 38
0d30: 00 00 00 00 70 00 00 00 00 00 00 00 ff 01 00 00
0d40: fd 01 34 80 88 c6 0f 80 00 00 00 00 00 00 00 00
0d50: 5b 6e ce 0f 00 00 00 00 00 00 00 00 00 00 00 00
0d60: 30 60 00 00 00 00 00 00 00 00 00 00 00 00 00 00
0d70: 01 80 c2 c1 08 00 00 00 00 00 00 00 00 00 00 00
0d80: 05 00 87 00 78 02 e0 fe 00 00 00 00 00 00 00 00
0d90: 09 00 14 f0 10 00 40 01 00 00 00 00 c1 0a 08 00
0da0: 00 08 00 00 00 18 00 00 8f 40 02 00 00 01 04 00
0db0: 00 00 00 00 05 00 00 00 00 00 00 00 00 00 00 00
0dc0: 00 00 00 00 00 00 00 00 00 00 00 00 00 00 00 00
0dd0: 00 00 00 00 05 00 00 00 00 00 00 00 00 00 00 00
0de0: 00 00 00 00 00 00 00 00 00 00 00 00 00 00 00 00
0df0: 00 00 00 00 00 00 00 00 b3 0f 40 08 00 00 00 00
0e00: 86 80 2f 9d 06 04 90 02 21 30 03 0c 00 00 80 00
0e10: 04 00 10 b1 00 00 00 00 00 00 00 00 00 00 00 00
0e20: 00 00 00 00 00 00 00 00 00 00 00 00 aa 17 45 38
0e30: 00 00 00 00 70 00 00 00 00 00 00 00 ff 01 00 00
0e40: fd 01 34 80 88 c6 0f 80 00 00 00 00 00 00 00 00
0e50: 5b 6e ce 0f 00 00 00 00 00 00 00 00 00 00 00 00
0e60: 30 60 00 00 00 00 00 00 00 00 00 00 00 00 00 00
0e70: 01 80 c2 c1 08 00 00 00 00 00 00 00 00 00 00 00
0e80: 05 00 87 00 78 02 e0 fe 00 00 00 00 00 00 00 00
0e90: 09 00 14 f0 10 00 40 01 00 00 00 00 c1 0a 08 00
0ea0: 00 08 00 00 00 18 00 00 8f 40 02 00 00 01 04 00
0eb0: 00 00 00 00 05 00 00 00 00 00 00 00 00 00 00 00
0ec0: 00 00 00 00 00 00 00 00 00 00 00 00 00 00 00 00
0ed0: 00 00 00 00 05 00 00 00 00 00 00 00 00 00 00 00
0ee0: 00 00 00 00 00 00 00 00 00 00 00 00 00 00 00 00
0ef0: 00 00 00 00 00 00 00 00 b3 0f 40 08 00 00 00 00
0f00: 86 80 2f 9d 06 04 90 02 21 30 03 0c 00 00 80 00
0f10: 04 00 10 b1 00 00 00 00 00 00 00 00 00 00 00 00
0f20: 00 00 00 00 00 00 00 00 00 00 00 00 aa 17 45 38
0f30: 00 00 00 00 70 00 00 00 00 00 00 00 ff 01 00 00
0f40: fd 01 34 80 88 c6 0f 80 00 00 00 00 00 00 00 00
0f50: 5b 6e ce 0f 00 00 00 00 00 00 00 00 00 00 00 00
0f60: 30 60 00 00 00 00 00 00 00 00 00 00 00 00 00 00
0f70: 01 80 c2 c1 08 00 00 00 00 00 00 00 00 00 00 00
0f80: 05 00 87 00 78 02 e0 fe 00 00 00 00 00 00 00 00
0f90: 09 00 14 f0 10 00 40 01 00 00 00 00 c1 0a 08 00
0fa0: 00 08 00 00 00 18 00 00 8f 40 02 00 00 01 04 00
0fb0: 00 00 00 00 05 00 00 00 00 00 00 00 00 00 00 00
0fc0: 00 00 00 00 00 00 00 00 00 00 00 00 00 00 00 00
0fd0: 00 00 00 00 05 00 00 00 00 00 00 00 00 00 00 00
0fe0: 00 00 00 00 00 00 00 00 00 00 00 00 00 00 00 00
0ff0: 00 00 00 00 00 00 00 00 b3 0f 40 08 00 00 00 00

PCIe 00:14.2 extended config space:
0000: 86 80 31 9d 06 00 10 00 21 00 80 11 00 00 00 00
0010: 04 a0 12 b1 00 00 00 00 00 00 00 00 00 00 00 00
0020: 00 00 00 00 00 00 00 00 00 00 00 00 aa 17 37 38
0030: 00 00 00 00 50 00 00 00 00 00 00 00 ff 03 00 00
0040: 04 00 00 00 00 00 00 00 00 00 00 00 00 00 00 00
0050: 01 80 23 00 08 00 00 00 00 00 00 00 00 00 00 00
0060: 00 00 00 00 00 00 00 00 00 00 00 00 00 00 00 00
0070: 00 00 00 00 00 00 00 00 00 00 00 00 00 00 00 00
0080: 05 00 00 00 00 00 00 00 00 00 00 00 00 00 00 00
0090: 00 00 00 00 00 00 00 00 00 00 00 00 00 00 00 00
00a0: 00 00 00 00 00 00 00 00 00 00 00 00 00 00 00 00
00b0: 00 00 00 00 00 00 00 00 00 00 00 00 00 00 00 00
00c0: 00 00 00 00 00 00 00 00 00 00 00 00 00 00 00 00
00d0: 00 00 00 00 00 00 00 00 00 00 00 00 00 00 00 00
00e0: 00 00 00 00 00 00 00 00 00 00 00 00 00 00 00 00
00f0: 00 00 00 00 00 00 00 00 b3 0f 40 08 00 00 00 00
0100: 00 00 00 00 00 00 00 00 00 00 00 00 00 00 00 00
0110: 00 00 00 00 00 00 00 00 00 00 00 00 00 00 00 00
0120: 00 00 00 00 00 00 00 00 00 00 00 00 00 00 00 00
0130: 00 00 00 00 00 00 00 00 00 00 00 00 00 00 00 00
0140: 00 00 00 00 00 00 00 00 00 00 00 00 00 00 00 00
0150: 00 00 00 00 00 00 00 00 00 00 00 00 00 00 00 00
0160: 00 00 00 00 00 00 00 00 00 00 00 00 00 00 00 00
0170: 00 00 00 00 00 00 00 00 00 00 00 00 00 00 00 00
0180: 00 00 00 00 00 00 00 00 00 00 00 00 00 00 00 00
0190: 00 00 00 00 00 00 00 00 00 00 00 00 00 00 00 00
01a0: 00 00 00 00 00 00 00 00 00 00 00 00 00 00 00 00
01b0: 00 00 00 00 00 00 00 00 00 00 00 00 00 00 00 00
01c0: 00 00 00 00 00 00 00 00 00 00 00 00 00 00 00 00
01d0: 00 00 00 00 00 00 00 00 00 00 00 00 00 00 00 00
01e0: 00 00 00 00 00 00 00 00 00 00 00 00 00 00 00 00
01f0: 00 00 00 00 00 00 00 00 00 00 00 00 00 00 00 00
0200: 00 00 00 00 00 00 00 00 00 00 00 00 00 00 00 00
0210: 00 00 00 00 00 00 00 00 00 00 00 00 00 00 00 00
0220: 00 00 00 00 00 00 00 00 00 00 00 00 00 00 00 00
0230: 00 00 00 00 00 00 00 00 00 00 00 00 00 00 00 00
0240: 00 00 00 00 00 00 00 00 00 00 00 00 00 00 00 00
0250: 00 00 00 00 00 00 00 00 00 00 00 00 00 00 00 00
0260: 00 00 00 00 00 00 00 00 00 00 00 00 00 00 00 00
0270: 00 00 00 00 00 00 00 00 00 00 00 00 00 00 00 00
0280: 00 00 00 00 00 00 00 00 00 00 00 00 00 00 00 00
0290: 00 00 00 00 00 00 00 00 00 00 00 00 00 00 00 00
02a0: 00 00 00 00 00 00 00 00 00 00 00 00 00 00 00 00
02b0: 00 00 00 00 00 00 00 00 00 00 00 00 00 00 00 00
02c0: 00 00 00 00 00 00 00 00 00 00 00 00 00 00 00 00
02d0: 00 00 00 00 00 00 00 00 00 00 00 00 00 00 00 00
02e0: 00 00 00 00 00 00 00 00 00 00 00 00 00 00 00 00
02f0: 00 00 00 00 00 00 00 00 00 00 00 00 00 00 00 00
0300: 00 00 00 00 00 00 00 00 00 00 00 00 00 00 00 00
0310: 00 00 00 00 00 00 00 00 00 00 00 00 00 00 00 00
0320: 00 00 00 00 00 00 00 00 00 00 00 00 00 00 00 00
0330: 00 00 00 00 00 00 00 00 00 00 00 00 00 00 00 00
0340: 00 00 00 00 00 00 00 00 00 00 00 00 00 00 00 00
0350: 00 00 00 00 00 00 00 00 00 00 00 00 00 00 00 00
0360: 00 00 00 00 00 00 00 00 00 00 00 00 00 00 00 00
0370: 00 00 00 00 00 00 00 00 00 00 00 00 00 00 00 00
0380: 00 00 00 00 00 00 00 00 00 00 00 00 00 00 00 00
0390: 00 00 00 00 00 00 00 00 00 00 00 00 00 00 00 00
03a0: 00 00 00 00 00 00 00 00 00 00 00 00 00 00 00 00
03b0: 00 00 00 00 00 00 00 00 00 00 00 00 00 00 00 00
03c0: 00 00 00 00 00 00 00 00 00 00 00 00 00 00 00 00
03d0: 00 00 00 00 00 00 00 00 00 00 00 00 00 00 00 00
03e0: 00 00 00 00 00 00 00 00 00 00 00 00 00 00 00 00
03f0: 00 00 00 00 00 00 00 00 00 00 00 00 00 00 00 00
0400: 00 00 00 00 00 00 00 00 00 00 00 00 00 00 00 00
0410: 00 00 00 00 00 00 00 00 00 00 00 00 00 00 00 00
0420: 00 00 00 00 00 00 00 00 00 00 00 00 00 00 00 00
0430: 00 00 00 00 00 00 00 00 00 00 00 00 00 00 00 00
0440: 00 00 00 00 00 00 00 00 00 00 00 00 00 00 00 00
0450: 00 00 00 00 00 00 00 00 00 00 00 00 00 00 00 00
0460: 00 00 00 00 00 00 00 00 00 00 00 00 00 00 00 00
0470: 00 00 00 00 00 00 00 00 00 00 00 00 00 00 00 00
0480: 00 00 00 00 00 00 00 00 00 00 00 00 00 00 00 00
0490: 00 00 00 00 00 00 00 00 00 00 00 00 00 00 00 00
04a0: 00 00 00 00 00 00 00 00 00 00 00 00 00 00 00 00
04b0: 00 00 00 00 00 00 00 00 00 00 00 00 00 00 00 00
04c0: 00 00 00 00 00 00 00 00 00 00 00 00 00 00 00 00
04d0: 00 00 00 00 00 00 00 00 00 00 00 00 00 00 00 00
04e0: 00 00 00 00 00 00 00 00 00 00 00 00 00 00 00 00
04f0: 00 00 00 00 00 00 00 00 00 00 00 00 00 00 00 00
0500: 00 00 00 00 00 00 00 00 00 00 00 00 00 00 00 00
0510: 00 00 00 00 00 00 00 00 00 00 00 00 00 00 00 00
0520: 00 00 00 00 00 00 00 00 00 00 00 00 00 00 00 00
0530: 00 00 00 00 00 00 00 00 00 00 00 00 00 00 00 00
0540: 00 00 00 00 00 00 00 00 00 00 00 00 00 00 00 00
0550: 00 00 00 00 00 00 00 00 00 00 00 00 00 00 00 00
0560: 00 00 00 00 00 00 00 00 00 00 00 00 00 00 00 00
0570: 00 00 00 00 00 00 00 00 00 00 00 00 00 00 00 00
0580: 00 00 00 00 00 00 00 00 00 00 00 00 00 00 00 00
0590: 00 00 00 00 00 00 00 00 00 00 00 00 00 00 00 00
05a0: 00 00 00 00 00 00 00 00 00 00 00 00 00 00 00 00
05b0: 00 00 00 00 00 00 00 00 00 00 00 00 00 00 00 00
05c0: 00 00 00 00 00 00 00 00 00 00 00 00 00 00 00 00
05d0: 00 00 00 00 00 00 00 00 00 00 00 00 00 00 00 00
05e0: 00 00 00 00 00 00 00 00 00 00 00 00 00 00 00 00
05f0: 00 00 00 00 00 00 00 00 00 00 00 00 00 00 00 00
0600: 00 00 00 00 00 00 00 00 00 00 00 00 00 00 00 00
0610: 00 00 00 00 00 00 00 00 00 00 00 00 00 00 00 00
0620: 00 00 00 00 00 00 00 00 00 00 00 00 00 00 00 00
0630: 00 00 00 00 00 00 00 00 00 00 00 00 00 00 00 00
0640: 00 00 00 00 00 00 00 00 00 00 00 00 00 00 00 00
0650: 00 00 00 00 00 00 00 00 00 00 00 00 00 00 00 00
0660: 00 00 00 00 00 00 00 00 00 00 00 00 00 00 00 00
0670: 00 00 00 00 00 00 00 00 00 00 00 00 00 00 00 00
0680: 00 00 00 00 00 00 00 00 00 00 00 00 00 00 00 00
0690: 00 00 00 00 00 00 00 00 00 00 00 00 00 00 00 00
06a0: 00 00 00 00 00 00 00 00 00 00 00 00 00 00 00 00
06b0: 00 00 00 00 00 00 00 00 00 00 00 00 00 00 00 00
06c0: 00 00 00 00 00 00 00 00 00 00 00 00 00 00 00 00
06d0: 00 00 00 00 00 00 00 00 00 00 00 00 00 00 00 00
06e0: 00 00 00 00 00 00 00 00 00 00 00 00 00 00 00 00
06f0: 00 00 00 00 00 00 00 00 00 00 00 00 00 00 00 00
0700: 00 00 00 00 00 00 00 00 00 00 00 00 00 00 00 00
0710: 00 00 00 00 00 00 00 00 00 00 00 00 00 00 00 00
0720: 00 00 00 00 00 00 00 00 00 00 00 00 00 00 00 00
0730: 00 00 00 00 00 00 00 00 00 00 00 00 00 00 00 00
0740: 00 00 00 00 00 00 00 00 00 00 00 00 00 00 00 00
0750: 00 00 00 00 00 00 00 00 00 00 00 00 00 00 00 00
0760: 00 00 00 00 00 00 00 00 00 00 00 00 00 00 00 00
0770: 00 00 00 00 00 00 00 00 00 00 00 00 00 00 00 00
0780: 00 00 00 00 00 00 00 00 00 00 00 00 00 00 00 00
0790: 00 00 00 00 00 00 00 00 00 00 00 00 00 00 00 00
07a0: 00 00 00 00 00 00 00 00 00 00 00 00 00 00 00 00
07b0: 00 00 00 00 00 00 00 00 00 00 00 00 00 00 00 00
07c0: 00 00 00 00 00 00 00 00 00 00 00 00 00 00 00 00
07d0: 00 00 00 00 00 00 00 00 00 00 00 00 00 00 00 00
07e0: 00 00 00 00 00 00 00 00 00 00 00 00 00 00 00 00
07f0: 00 00 00 00 00 00 00 00 00 00 00 00 00 00 00 00
0800: 00 00 00 00 00 00 00 00 00 00 00 00 00 00 00 00
0810: 00 00 00 00 00 00 00 00 00 00 00 00 00 00 00 00
0820: 00 00 00 00 00 00 00 00 00 00 00 00 00 00 00 00
0830: 00 00 00 00 00 00 00 00 00 00 00 00 00 00 00 00
0840: 00 00 00 00 00 00 00 00 00 00 00 00 00 00 00 00
0850: 00 00 00 00 00 00 00 00 00 00 00 00 00 00 00 00
0860: 00 00 00 00 00 00 00 00 00 00 00 00 00 00 00 00
0870: 00 00 00 00 00 00 00 00 00 00 00 00 00 00 00 00
0880: 00 00 00 00 00 00 00 00 00 00 00 00 00 00 00 00
0890: 00 00 00 00 00 00 00 00 00 00 00 00 00 00 00 00
08a0: 00 00 00 00 00 00 00 00 00 00 00 00 00 00 00 00
08b0: 00 00 00 00 00 00 00 00 00 00 00 00 00 00 00 00
08c0: 00 00 00 00 00 00 00 00 00 00 00 00 00 00 00 00
08d0: 00 00 00 00 00 00 00 00 00 00 00 00 00 00 00 00
08e0: 00 00 00 00 00 00 00 00 00 00 00 00 00 00 00 00
08f0: 00 00 00 00 00 00 00 00 00 00 00 00 00 00 00 00
0900: 00 00 00 00 00 00 00 00 00 00 00 00 00 00 00 00
0910: 00 00 00 00 00 00 00 00 00 00 00 00 00 00 00 00
0920: 00 00 00 00 00 00 00 00 00 00 00 00 00 00 00 00
0930: 00 00 00 00 00 00 00 00 00 00 00 00 00 00 00 00
0940: 00 00 00 00 00 00 00 00 00 00 00 00 00 00 00 00
0950: 00 00 00 00 00 00 00 00 00 00 00 00 00 00 00 00
0960: 00 00 00 00 00 00 00 00 00 00 00 00 00 00 00 00
0970: 00 00 00 00 00 00 00 00 00 00 00 00 00 00 00 00
0980: 00 00 00 00 00 00 00 00 00 00 00 00 00 00 00 00
0990: 00 00 00 00 00 00 00 00 00 00 00 00 00 00 00 00
09a0: 00 00 00 00 00 00 00 00 00 00 00 00 00 00 00 00
09b0: 00 00 00 00 00 00 00 00 00 00 00 00 00 00 00 00
09c0: 00 00 00 00 00 00 00 00 00 00 00 00 00 00 00 00
09d0: 00 00 00 00 00 00 00 00 00 00 00 00 00 00 00 00
09e0: 00 00 00 00 00 00 00 00 00 00 00 00 00 00 00 00
09f0: 00 00 00 00 00 00 00 00 00 00 00 00 00 00 00 00
0a00: 00 00 00 00 00 00 00 00 00 00 00 00 00 00 00 00
0a10: 00 00 00 00 00 00 00 00 00 00 00 00 00 00 00 00
0a20: 00 00 00 00 00 00 00 00 00 00 00 00 00 00 00 00
0a30: 00 00 00 00 00 00 00 00 00 00 00 00 00 00 00 00
0a40: 00 00 00 00 00 00 00 00 00 00 00 00 00 00 00 00
0a50: 00 00 00 00 00 00 00 00 00 00 00 00 00 00 00 00
0a60: 00 00 00 00 00 00 00 00 00 00 00 00 00 00 00 00
0a70: 00 00 00 00 00 00 00 00 00 00 00 00 00 00 00 00
0a80: 00 00 00 00 00 00 00 00 00 00 00 00 00 00 00 00
0a90: 00 00 00 00 00 00 00 00 00 00 00 00 00 00 00 00
0aa0: 00 00 00 00 00 00 00 00 00 00 00 00 00 00 00 00
0ab0: 00 00 00 00 00 00 00 00 00 00 00 00 00 00 00 00
0ac0: 00 00 00 00 00 00 00 00 00 00 00 00 00 00 00 00
0ad0: 00 00 00 00 00 00 00 00 00 00 00 00 00 00 00 00
0ae0: 00 00 00 00 00 00 00 00 00 00 00 00 00 00 00 00
0af0: 00 00 00 00 00 00 00 00 00 00 00 00 00 00 00 00
0b00: 00 00 00 00 00 00 00 00 00 00 00 00 00 00 00 00
0b10: 00 00 00 00 00 00 00 00 00 00 00 00 00 00 00 00
0b20: 00 00 00 00 00 00 00 00 00 00 00 00 00 00 00 00
0b30: 00 00 00 00 00 00 00 00 00 00 00 00 00 00 00 00
0b40: 00 00 00 00 00 00 00 00 00 00 00 00 00 00 00 00
0b50: 00 00 00 00 00 00 00 00 00 00 00 00 00 00 00 00
0b60: 00 00 00 00 00 00 00 00 00 00 00 00 00 00 00 00
0b70: 00 00 00 00 00 00 00 00 00 00 00 00 00 00 00 00
0b80: 00 00 00 00 00 00 00 00 00 00 00 00 00 00 00 00
0b90: 00 00 00 00 00 00 00 00 00 00 00 00 00 00 00 00
0ba0: 00 00 00 00 00 00 00 00 00 00 00 00 00 00 00 00
0bb0: 00 00 00 00 00 00 00 00 00 00 00 00 00 00 00 00
0bc0: 00 00 00 00 00 00 00 00 00 00 00 00 00 00 00 00
0bd0: 00 00 00 00 00 00 00 00 00 00 00 00 00 00 00 00
0be0: 00 00 00 00 00 00 00 00 00 00 00 00 00 00 00 00
0bf0: 00 00 00 00 00 00 00 00 00 00 00 00 00 00 00 00
0c00: 00 00 00 00 00 00 00 00 00 00 00 00 00 00 00 00
0c10: 00 00 00 00 00 00 00 00 00 00 00 00 00 00 00 00
0c20: 00 00 00 00 00 00 00 00 00 00 00 00 00 00 00 00
0c30: 00 00 00 00 00 00 00 00 00 00 00 00 00 00 00 00
0c40: 00 00 00 00 00 00 00 00 00 00 00 00 00 00 00 00
0c50: 00 00 00 00 00 00 00 00 00 00 00 00 00 00 00 00
0c60: 00 00 00 00 00 00 00 00 00 00 00 00 00 00 00 00
0c70: 00 00 00 00 00 00 00 00 00 00 00 00 00 00 00 00
0c80: 00 00 00 00 00 00 00 00 00 00 00 00 00 00 00 00
0c90: 00 00 00 00 00 00 00 00 00 00 00 00 00 00 00 00
0ca0: 00 00 00 00 00 00 00 00 00 00 00 00 00 00 00 00
0cb0: 00 00 00 00 00 00 00 00 00 00 00 00 00 00 00 00
0cc0: 00 00 00 00 00 00 00 00 00 00 00 00 00 00 00 00
0cd0: 00 00 00 00 00 00 00 00 00 00 00 00 00 00 00 00
0ce0: 00 00 00 00 00 00 00 00 00 00 00 00 00 00 00 00
0cf0: 00 00 00 00 00 00 00 00 00 00 00 00 00 00 00 00
0d00: 00 00 00 00 00 00 00 00 00 00 00 00 00 00 00 00
0d10: 00 00 00 00 00 00 00 00 00 00 00 00 00 00 00 00
0d20: 00 00 00 00 00 00 00 00 00 00 00 00 00 00 00 00
0d30: 00 00 00 00 00 00 00 00 00 00 00 00 00 00 00 00
0d40: 00 00 00 00 00 00 00 00 00 00 00 00 00 00 00 00
0d50: 00 00 00 00 00 00 00 00 00 00 00 00 00 00 00 00
0d60: 00 00 00 00 00 00 00 00 00 00 00 00 00 00 00 00
0d70: 00 00 00 00 00 00 00 00 00 00 00 00 00 00 00 00
0d80: 00 00 00 00 00 00 00 00 00 00 00 00 00 00 00 00
0d90: 00 00 00 00 00 00 00 00 00 00 00 00 00 00 00 00
0da0: 00 00 00 00 00 00 00 00 00 00 00 00 00 00 00 00
0db0: 00 00 00 00 00 00 00 00 00 00 00 00 00 00 00 00
0dc0: 00 00 00 00 00 00 00 00 00 00 00 00 00 00 00 00
0dd0: 00 00 00 00 00 00 00 00 00 00 00 00 00 00 00 00
0de0: 00 00 00 00 00 00 00 00 00 00 00 00 00 00 00 00
0df0: 00 00 00 00 00 00 00 00 00 00 00 00 00 00 00 00
0e00: 00 00 00 00 00 00 00 00 00 00 00 00 00 00 00 00
0e10: 00 00 00 00 00 00 00 00 00 00 00 00 00 00 00 00
0e20: 00 00 00 00 00 00 00 00 00 00 00 00 00 00 00 00
0e30: 00 00 00 00 00 00 00 00 00 00 00 00 00 00 00 00
0e40: 00 00 00 00 00 00 00 00 00 00 00 00 00 00 00 00
0e50: 00 00 00 00 00 00 00 00 00 00 00 00 00 00 00 00
0e60: 00 00 00 00 00 00 00 00 00 00 00 00 00 00 00 00
0e70: 00 00 00 00 00 00 00 00 00 00 00 00 00 00 00 00
0e80: 00 00 00 00 00 00 00 00 00 00 00 00 00 00 00 00
0e90: 00 00 00 00 00 00 00 00 00 00 00 00 00 00 00 00
0ea0: 00 00 00 00 00 00 00 00 00 00 00 00 00 00 00 00
0eb0: 00 00 00 00 00 00 00 00 00 00 00 00 00 00 00 00
0ec0: 00 00 00 00 00 00 00 00 00 00 00 00 00 00 00 00
0ed0: 00 00 00 00 00 00 00 00 00 00 00 00 00 00 00 00
0ee0: 00 00 00 00 00 00 00 00 00 00 00 00 00 00 00 00
0ef0: 00 00 00 00 00 00 00 00 00 00 00 00 00 00 00 00
0f00: 00 00 00 00 00 00 00 00 00 00 00 00 00 00 00 00
0f10: 00 00 00 00 00 00 00 00 00 00 00 00 00 00 00 00
0f20: 00 00 00 00 00 00 00 00 00 00 00 00 00 00 00 00
0f30: 00 00 00 00 00 00 00 00 00 00 00 00 00 00 00 00
0f40: 00 00 00 00 00 00 00 00 00 00 00 00 00 00 00 00
0f50: 00 00 00 00 00 00 00 00 00 00 00 00 00 00 00 00
0f60: 00 00 00 00 00 00 00 00 00 00 00 00 00 00 00 00
0f70: 00 00 00 00 00 00 00 00 00 00 00 00 00 00 00 00
0f80: 00 00 00 00 00 00 00 00 00 00 00 00 00 00 00 00
0f90: 00 00 00 00 00 00 00 00 00 00 00 00 00 00 00 00
0fa0: 00 00 00 00 00 00 00 00 00 00 00 00 00 00 00 00
0fb0: 00 00 00 00 00 00 00 00 00 00 00 00 00 00 00 00
0fc0: 00 00 00 00 00 00 00 00 00 00 00 00 00 00 00 00
0fd0: 00 00 00 00 00 00 00 00 00 00 00 00 00 00 00 00
0fe0: 00 00 00 00 00 00 00 00 00 00 00 00 00 00 00 00
0ff0: 00 00 00 00 00 00 00 00 00 00 00 00 00 00 00 00

PCIe 00:15.0 extended config space:
0000: 86 80 60 9d 06 00 10 00 21 00 80 11 10 00 80 00
0010: 04 b0 12 b1 00 00 00 00 00 00 00 00 00 00 00 00
0020: 00 00 00 00 00 00 00 00 00 00 00 00 aa 17 3c 38
0030: 00 00 00 00 80 00 00 00 00 00 00 00 ff 01 00 00
0040: 00 00 00 00 00 00 00 00 00 00 00 00 00 00 00 00
0050: 00 00 00 00 00 00 00 00 00 00 00 00 00 00 00 00
0060: 00 00 00 00 00 00 00 00 00 00 00 00 00 00 00 00
0070: 00 00 00 00 00 00 00 00 00 00 00 00 00 00 00 00
0080: 01 90 03 00 0b 00 00 00 00 00 00 00 00 00 00 00
0090: 09 00 14 f0 10 00 40 01 01 21 00 00 c1 24 00 00
00a0: 00 08 0f 00 00 00 00 00 00 00 00 00 00 00 00 00
00b0: 00 00 00 00 00 00 00 00 00 00 00 00 00 00 00 00
00c0: 00 00 00 00 00 00 00 00 00 00 00 00 00 00 00 00
00d0: 00 00 00 00 00 00 00 00 00 00 00 00 00 00 00 00
00e0: 00 00 00 00 00 00 00 00 00 00 00 00 00 00 00 00
00f0: 00 00 00 00 00 00 00 00 b3 0f 40 08 00 00 00 00
0100: 00 00 00 00 00 00 00 00 00 00 00 00 00 00 00 00
0110: 00 00 00 00 00 00 00 00 00 00 00 00 00 00 00 00
0120: 00 00 00 00 00 00 00 00 00 00 00 00 00 00 00 00
0130: 00 00 00 00 00 00 00 00 00 00 00 00 00 00 00 00
0140: 00 00 00 00 00 00 00 00 00 00 00 00 00 00 00 00
0150: 00 00 00 00 00 00 00 00 00 00 00 00 00 00 00 00
0160: 00 00 00 00 00 00 00 00 00 00 00 00 00 00 00 00
0170: 00 00 00 00 00 00 00 00 00 00 00 00 00 00 00 00
0180: 00 00 00 00 00 00 00 00 00 00 00 00 00 00 00 00
0190: 00 00 00 00 00 00 00 00 00 00 00 00 00 00 00 00
01a0: 00 00 00 00 00 00 00 00 00 00 00 00 00 00 00 00
01b0: 00 00 00 00 00 00 00 00 00 00 00 00 00 00 00 00
01c0: 00 00 00 00 00 00 00 00 00 00 00 00 00 00 00 00
01d0: 00 00 00 00 00 00 00 00 00 00 00 00 00 00 00 00
01e0: 00 00 00 00 00 00 00 00 00 00 00 00 00 00 00 00
01f0: 00 00 00 00 00 00 00 00 00 00 00 00 00 00 00 00
0200: 00 00 00 00 00 00 00 00 00 00 00 00 00 00 00 00
0210: 00 00 00 00 00 00 00 00 00 00 00 00 00 00 00 00
0220: 00 00 00 00 00 00 00 00 00 00 00 00 00 00 00 00
0230: 00 00 00 00 00 00 00 00 00 00 00 00 00 00 00 00
0240: 00 00 00 00 00 00 00 00 00 00 00 00 00 00 00 00
0250: 00 00 00 00 00 00 00 00 00 00 00 00 00 00 00 00
0260: 00 00 00 00 00 00 00 00 00 00 00 00 00 00 00 00
0270: 00 00 00 00 00 00 00 00 00 00 00 00 00 00 00 00
0280: 00 00 00 00 00 00 00 00 00 00 00 00 00 00 00 00
0290: 00 00 00 00 00 00 00 00 00 00 00 00 00 00 00 00
02a0: 00 00 00 00 00 00 00 00 00 00 00 00 00 00 00 00
02b0: 00 00 00 00 00 00 00 00 00 00 00 00 00 00 00 00
02c0: 00 00 00 00 00 00 00 00 00 00 00 00 00 00 00 00
02d0: 00 00 00 00 00 00 00 00 00 00 00 00 00 00 00 00
02e0: 00 00 00 00 00 00 00 00 00 00 00 00 00 00 00 00
02f0: 00 00 00 00 00 00 00 00 00 00 00 00 00 00 00 00
0300: 00 00 00 00 00 00 00 00 00 00 00 00 00 00 00 00
0310: 00 00 00 00 00 00 00 00 00 00 00 00 00 00 00 00
0320: 00 00 00 00 00 00 00 00 00 00 00 00 00 00 00 00
0330: 00 00 00 00 00 00 00 00 00 00 00 00 00 00 00 00
0340: 00 00 00 00 00 00 00 00 00 00 00 00 00 00 00 00
0350: 00 00 00 00 00 00 00 00 00 00 00 00 00 00 00 00
0360: 00 00 00 00 00 00 00 00 00 00 00 00 00 00 00 00
0370: 00 00 00 00 00 00 00 00 00 00 00 00 00 00 00 00
0380: 00 00 00 00 00 00 00 00 00 00 00 00 00 00 00 00
0390: 00 00 00 00 00 00 00 00 00 00 00 00 00 00 00 00
03a0: 00 00 00 00 00 00 00 00 00 00 00 00 00 00 00 00
03b0: 00 00 00 00 00 00 00 00 00 00 00 00 00 00 00 00
03c0: 00 00 00 00 00 00 00 00 00 00 00 00 00 00 00 00
03d0: 00 00 00 00 00 00 00 00 00 00 00 00 00 00 00 00
03e0: 00 00 00 00 00 00 00 00 00 00 00 00 00 00 00 00
03f0: 00 00 00 00 00 00 00 00 00 00 00 00 00 00 00 00
0400: 00 00 00 00 00 00 00 00 00 00 00 00 00 00 00 00
0410: 00 00 00 00 00 00 00 00 00 00 00 00 00 00 00 00
0420: 00 00 00 00 00 00 00 00 00 00 00 00 00 00 00 00
0430: 00 00 00 00 00 00 00 00 00 00 00 00 00 00 00 00
0440: 00 00 00 00 00 00 00 00 00 00 00 00 00 00 00 00
0450: 00 00 00 00 00 00 00 00 00 00 00 00 00 00 00 00
0460: 00 00 00 00 00 00 00 00 00 00 00 00 00 00 00 00
0470: 00 00 00 00 00 00 00 00 00 00 00 00 00 00 00 00
0480: 00 00 00 00 00 00 00 00 00 00 00 00 00 00 00 00
0490: 00 00 00 00 00 00 00 00 00 00 00 00 00 00 00 00
04a0: 00 00 00 00 00 00 00 00 00 00 00 00 00 00 00 00
04b0: 00 00 00 00 00 00 00 00 00 00 00 00 00 00 00 00
04c0: 00 00 00 00 00 00 00 00 00 00 00 00 00 00 00 00
04d0: 00 00 00 00 00 00 00 00 00 00 00 00 00 00 00 00
04e0: 00 00 00 00 00 00 00 00 00 00 00 00 00 00 00 00
04f0: 00 00 00 00 00 00 00 00 00 00 00 00 00 00 00 00
0500: 00 00 00 00 00 00 00 00 00 00 00 00 00 00 00 00
0510: 00 00 00 00 00 00 00 00 00 00 00 00 00 00 00 00
0520: 00 00 00 00 00 00 00 00 00 00 00 00 00 00 00 00
0530: 00 00 00 00 00 00 00 00 00 00 00 00 00 00 00 00
0540: 00 00 00 00 00 00 00 00 00 00 00 00 00 00 00 00
0550: 00 00 00 00 00 00 00 00 00 00 00 00 00 00 00 00
0560: 00 00 00 00 00 00 00 00 00 00 00 00 00 00 00 00
0570: 00 00 00 00 00 00 00 00 00 00 00 00 00 00 00 00
0580: 00 00 00 00 00 00 00 00 00 00 00 00 00 00 00 00
0590: 00 00 00 00 00 00 00 00 00 00 00 00 00 00 00 00
05a0: 00 00 00 00 00 00 00 00 00 00 00 00 00 00 00 00
05b0: 00 00 00 00 00 00 00 00 00 00 00 00 00 00 00 00
05c0: 00 00 00 00 00 00 00 00 00 00 00 00 00 00 00 00
05d0: 00 00 00 00 00 00 00 00 00 00 00 00 00 00 00 00
05e0: 00 00 00 00 00 00 00 00 00 00 00 00 00 00 00 00
05f0: 00 00 00 00 00 00 00 00 00 00 00 00 00 00 00 00
0600: 00 00 00 00 00 00 00 00 00 00 00 00 00 00 00 00
0610: 00 00 00 00 00 00 00 00 00 00 00 00 00 00 00 00
0620: 00 00 00 00 00 00 00 00 00 00 00 00 00 00 00 00
0630: 00 00 00 00 00 00 00 00 00 00 00 00 00 00 00 00
0640: 00 00 00 00 00 00 00 00 00 00 00 00 00 00 00 00
0650: 00 00 00 00 00 00 00 00 00 00 00 00 00 00 00 00
0660: 00 00 00 00 00 00 00 00 00 00 00 00 00 00 00 00
0670: 00 00 00 00 00 00 00 00 00 00 00 00 00 00 00 00
0680: 00 00 00 00 00 00 00 00 00 00 00 00 00 00 00 00
0690: 00 00 00 00 00 00 00 00 00 00 00 00 00 00 00 00
06a0: 00 00 00 00 00 00 00 00 00 00 00 00 00 00 00 00
06b0: 00 00 00 00 00 00 00 00 00 00 00 00 00 00 00 00
06c0: 00 00 00 00 00 00 00 00 00 00 00 00 00 00 00 00
06d0: 00 00 00 00 00 00 00 00 00 00 00 00 00 00 00 00
06e0: 00 00 00 00 00 00 00 00 00 00 00 00 00 00 00 00
06f0: 00 00 00 00 00 00 00 00 00 00 00 00 00 00 00 00
0700: 00 00 00 00 00 00 00 00 00 00 00 00 00 00 00 00
0710: 00 00 00 00 00 00 00 00 00 00 00 00 00 00 00 00
0720: 00 00 00 00 00 00 00 00 00 00 00 00 00 00 00 00
0730: 00 00 00 00 00 00 00 00 00 00 00 00 00 00 00 00
0740: 00 00 00 00 00 00 00 00 00 00 00 00 00 00 00 00
0750: 00 00 00 00 00 00 00 00 00 00 00 00 00 00 00 00
0760: 00 00 00 00 00 00 00 00 00 00 00 00 00 00 00 00
0770: 00 00 00 00 00 00 00 00 00 00 00 00 00 00 00 00
0780: 00 00 00 00 00 00 00 00 00 00 00 00 00 00 00 00
0790: 00 00 00 00 00 00 00 00 00 00 00 00 00 00 00 00
07a0: 00 00 00 00 00 00 00 00 00 00 00 00 00 00 00 00
07b0: 00 00 00 00 00 00 00 00 00 00 00 00 00 00 00 00
07c0: 00 00 00 00 00 00 00 00 00 00 00 00 00 00 00 00
07d0: 00 00 00 00 00 00 00 00 00 00 00 00 00 00 00 00
07e0: 00 00 00 00 00 00 00 00 00 00 00 00 00 00 00 00
07f0: 00 00 00 00 00 00 00 00 00 00 00 00 00 00 00 00
0800: 00 00 00 00 00 00 00 00 00 00 00 00 00 00 00 00
0810: 00 00 00 00 00 00 00 00 00 00 00 00 00 00 00 00
0820: 00 00 00 00 00 00 00 00 00 00 00 00 00 00 00 00
0830: 00 00 00 00 00 00 00 00 00 00 00 00 00 00 00 00
0840: 00 00 00 00 00 00 00 00 00 00 00 00 00 00 00 00
0850: 00 00 00 00 00 00 00 00 00 00 00 00 00 00 00 00
0860: 00 00 00 00 00 00 00 00 00 00 00 00 00 00 00 00
0870: 00 00 00 00 00 00 00 00 00 00 00 00 00 00 00 00
0880: 00 00 00 00 00 00 00 00 00 00 00 00 00 00 00 00
0890: 00 00 00 00 00 00 00 00 00 00 00 00 00 00 00 00
08a0: 00 00 00 00 00 00 00 00 00 00 00 00 00 00 00 00
08b0: 00 00 00 00 00 00 00 00 00 00 00 00 00 00 00 00
08c0: 00 00 00 00 00 00 00 00 00 00 00 00 00 00 00 00
08d0: 00 00 00 00 00 00 00 00 00 00 00 00 00 00 00 00
08e0: 00 00 00 00 00 00 00 00 00 00 00 00 00 00 00 00
08f0: 00 00 00 00 00 00 00 00 00 00 00 00 00 00 00 00
0900: 00 00 00 00 00 00 00 00 00 00 00 00 00 00 00 00
0910: 00 00 00 00 00 00 00 00 00 00 00 00 00 00 00 00
0920: 00 00 00 00 00 00 00 00 00 00 00 00 00 00 00 00
0930: 00 00 00 00 00 00 00 00 00 00 00 00 00 00 00 00
0940: 00 00 00 00 00 00 00 00 00 00 00 00 00 00 00 00
0950: 00 00 00 00 00 00 00 00 00 00 00 00 00 00 00 00
0960: 00 00 00 00 00 00 00 00 00 00 00 00 00 00 00 00
0970: 00 00 00 00 00 00 00 00 00 00 00 00 00 00 00 00
0980: 00 00 00 00 00 00 00 00 00 00 00 00 00 00 00 00
0990: 00 00 00 00 00 00 00 00 00 00 00 00 00 00 00 00
09a0: 00 00 00 00 00 00 00 00 00 00 00 00 00 00 00 00
09b0: 00 00 00 00 00 00 00 00 00 00 00 00 00 00 00 00
09c0: 00 00 00 00 00 00 00 00 00 00 00 00 00 00 00 00
09d0: 00 00 00 00 00 00 00 00 00 00 00 00 00 00 00 00
09e0: 00 00 00 00 00 00 00 00 00 00 00 00 00 00 00 00
09f0: 00 00 00 00 00 00 00 00 00 00 00 00 00 00 00 00
0a00: 00 00 00 00 00 00 00 00 00 00 00 00 00 00 00 00
0a10: 00 00 00 00 00 00 00 00 00 00 00 00 00 00 00 00
0a20: 00 00 00 00 00 00 00 00 00 00 00 00 00 00 00 00
0a30: 00 00 00 00 00 00 00 00 00 00 00 00 00 00 00 00
0a40: 00 00 00 00 00 00 00 00 00 00 00 00 00 00 00 00
0a50: 00 00 00 00 00 00 00 00 00 00 00 00 00 00 00 00
0a60: 00 00 00 00 00 00 00 00 00 00 00 00 00 00 00 00
0a70: 00 00 00 00 00 00 00 00 00 00 00 00 00 00 00 00
0a80: 00 00 00 00 00 00 00 00 00 00 00 00 00 00 00 00
0a90: 00 00 00 00 00 00 00 00 00 00 00 00 00 00 00 00
0aa0: 00 00 00 00 00 00 00 00 00 00 00 00 00 00 00 00
0ab0: 00 00 00 00 00 00 00 00 00 00 00 00 00 00 00 00
0ac0: 00 00 00 00 00 00 00 00 00 00 00 00 00 00 00 00
0ad0: 00 00 00 00 00 00 00 00 00 00 00 00 00 00 00 00
0ae0: 00 00 00 00 00 00 00 00 00 00 00 00 00 00 00 00
0af0: 00 00 00 00 00 00 00 00 00 00 00 00 00 00 00 00
0b00: 00 00 00 00 00 00 00 00 00 00 00 00 00 00 00 00
0b10: 00 00 00 00 00 00 00 00 00 00 00 00 00 00 00 00
0b20: 00 00 00 00 00 00 00 00 00 00 00 00 00 00 00 00
0b30: 00 00 00 00 00 00 00 00 00 00 00 00 00 00 00 00
0b40: 00 00 00 00 00 00 00 00 00 00 00 00 00 00 00 00
0b50: 00 00 00 00 00 00 00 00 00 00 00 00 00 00 00 00
0b60: 00 00 00 00 00 00 00 00 00 00 00 00 00 00 00 00
0b70: 00 00 00 00 00 00 00 00 00 00 00 00 00 00 00 00
0b80: 00 00 00 00 00 00 00 00 00 00 00 00 00 00 00 00
0b90: 00 00 00 00 00 00 00 00 00 00 00 00 00 00 00 00
0ba0: 00 00 00 00 00 00 00 00 00 00 00 00 00 00 00 00
0bb0: 00 00 00 00 00 00 00 00 00 00 00 00 00 00 00 00
0bc0: 00 00 00 00 00 00 00 00 00 00 00 00 00 00 00 00
0bd0: 00 00 00 00 00 00 00 00 00 00 00 00 00 00 00 00
0be0: 00 00 00 00 00 00 00 00 00 00 00 00 00 00 00 00
0bf0: 00 00 00 00 00 00 00 00 00 00 00 00 00 00 00 00
0c00: 00 00 00 00 00 00 00 00 00 00 00 00 00 00 00 00
0c10: 00 00 00 00 00 00 00 00 00 00 00 00 00 00 00 00
0c20: 00 00 00 00 00 00 00 00 00 00 00 00 00 00 00 00
0c30: 00 00 00 00 00 00 00 00 00 00 00 00 00 00 00 00
0c40: 00 00 00 00 00 00 00 00 00 00 00 00 00 00 00 00
0c50: 00 00 00 00 00 00 00 00 00 00 00 00 00 00 00 00
0c60: 00 00 00 00 00 00 00 00 00 00 00 00 00 00 00 00
0c70: 00 00 00 00 00 00 00 00 00 00 00 00 00 00 00 00
0c80: 00 00 00 00 00 00 00 00 00 00 00 00 00 00 00 00
0c90: 00 00 00 00 00 00 00 00 00 00 00 00 00 00 00 00
0ca0: 00 00 00 00 00 00 00 00 00 00 00 00 00 00 00 00
0cb0: 00 00 00 00 00 00 00 00 00 00 00 00 00 00 00 00
0cc0: 00 00 00 00 00 00 00 00 00 00 00 00 00 00 00 00
0cd0: 00 00 00 00 00 00 00 00 00 00 00 00 00 00 00 00
0ce0: 00 00 00 00 00 00 00 00 00 00 00 00 00 00 00 00
0cf0: 00 00 00 00 00 00 00 00 00 00 00 00 00 00 00 00
0d00: 00 00 00 00 00 00 00 00 00 00 00 00 00 00 00 00
0d10: 00 00 00 00 00 00 00 00 00 00 00 00 00 00 00 00
0d20: 00 00 00 00 00 00 00 00 00 00 00 00 00 00 00 00
0d30: 00 00 00 00 00 00 00 00 00 00 00 00 00 00 00 00
0d40: 00 00 00 00 00 00 00 00 00 00 00 00 00 00 00 00
0d50: 00 00 00 00 00 00 00 00 00 00 00 00 00 00 00 00
0d60: 00 00 00 00 00 00 00 00 00 00 00 00 00 00 00 00
0d70: 00 00 00 00 00 00 00 00 00 00 00 00 00 00 00 00
0d80: 00 00 00 00 00 00 00 00 00 00 00 00 00 00 00 00
0d90: 00 00 00 00 00 00 00 00 00 00 00 00 00 00 00 00
0da0: 00 00 00 00 00 00 00 00 00 00 00 00 00 00 00 00
0db0: 00 00 00 00 00 00 00 00 00 00 00 00 00 00 00 00
0dc0: 00 00 00 00 00 00 00 00 00 00 00 00 00 00 00 00
0dd0: 00 00 00 00 00 00 00 00 00 00 00 00 00 00 00 00
0de0: 00 00 00 00 00 00 00 00 00 00 00 00 00 00 00 00
0df0: 00 00 00 00 00 00 00 00 00 00 00 00 00 00 00 00
0e00: 00 00 00 00 00 00 00 00 00 00 00 00 00 00 00 00
0e10: 00 00 00 00 00 00 00 00 00 00 00 00 00 00 00 00
0e20: 00 00 00 00 00 00 00 00 00 00 00 00 00 00 00 00
0e30: 00 00 00 00 00 00 00 00 00 00 00 00 00 00 00 00
0e40: 00 00 00 00 00 00 00 00 00 00 00 00 00 00 00 00
0e50: 00 00 00 00 00 00 00 00 00 00 00 00 00 00 00 00
0e60: 00 00 00 00 00 00 00 00 00 00 00 00 00 00 00 00
0e70: 00 00 00 00 00 00 00 00 00 00 00 00 00 00 00 00
0e80: 00 00 00 00 00 00 00 00 00 00 00 00 00 00 00 00
0e90: 00 00 00 00 00 00 00 00 00 00 00 00 00 00 00 00
0ea0: 00 00 00 00 00 00 00 00 00 00 00 00 00 00 00 00
0eb0: 00 00 00 00 00 00 00 00 00 00 00 00 00 00 00 00
0ec0: 00 00 00 00 00 00 00 00 00 00 00 00 00 00 00 00
0ed0: 00 00 00 00 00 00 00 00 00 00 00 00 00 00 00 00
0ee0: 00 00 00 00 00 00 00 00 00 00 00 00 00 00 00 00
0ef0: 00 00 00 00 00 00 00 00 00 00 00 00 00 00 00 00
0f00: 00 00 00 00 00 00 00 00 00 00 00 00 00 00 00 00
0f10: 00 00 00 00 00 00 00 00 00 00 00 00 00 00 00 00
0f20: 00 00 00 00 00 00 00 00 00 00 00 00 00 00 00 00
0f30: 00 00 00 00 00 00 00 00 00 00 00 00 00 00 00 00
0f40: 00 00 00 00 00 00 00 00 00 00 00 00 00 00 00 00
0f50: 00 00 00 00 00 00 00 00 00 00 00 00 00 00 00 00
0f60: 00 00 00 00 00 00 00 00 00 00 00 00 00 00 00 00
0f70: 00 00 00 00 00 00 00 00 00 00 00 00 00 00 00 00
0f80: 00 00 00 00 00 00 00 00 00 00 00 00 00 00 00 00
0f90: 00 00 00 00 00 00 00 00 00 00 00 00 00 00 00 00
0fa0: 00 00 00 00 00 00 00 00 00 00 00 00 00 00 00 00
0fb0: 00 00 00 00 00 00 00 00 00 00 00 00 00 00 00 00
0fc0: 00 00 00 00 00 00 00 00 00 00 00 00 00 00 00 00
0fd0: 00 00 00 00 00 00 00 00 00 00 00 00 00 00 00 00
0fe0: 00 00 00 00 00 00 00 00 00 00 00 00 00 00 00 00
0ff0: 00 00 00 00 00 00 00 00 00 00 00 00 00 00 00 00

PCIe 00:17.0 extended config space:
0000: 86 80 03 9d 07 04 b0 02 21 01 06 01 00 00 00 00
0010: 00 80 12 b1 00 e0 12 b1 81 40 00 00 89 40 00 00
0020: 61 40 00 00 00 c0 12 b1 00 00 00 00 aa 17 40 38
0030: 00 00 00 00 80 00 00 00 00 00 00 00 ff 01 00 00
0040: 00 00 00 00 00 00 00 00 00 00 00 00 00 00 00 00
0050: 00 00 00 00 00 00 00 00 00 00 00 00 00 00 00 00
0060: 00 00 00 00 00 00 00 00 00 00 00 00 00 00 00 00
0070: 01 a8 03 40 08 00 00 00 00 00 00 00 00 00 00 00
0080: 05 70 01 00 58 02 e0 fe 00 00 00 00 00 00 00 00
0090: 00 07 00 80 83 01 00 00 24 02 dc 20 30 00 00 80
00a0: a4 00 00 00 00 00 00 00 12 00 10 00 48 00 00 00
00b0: 00 00 00 00 00 00 00 00 00 00 00 00 00 00 00 00
00c0: 00 00 00 00 00 00 00 00 00 00 00 00 00 00 00 00
00d0: 11 00 00 00 00 00 00 00 01 00 00 00 00 00 00 00
00e0: 00 00 00 00 00 00 00 00 00 00 00 00 00 00 00 00
00f0: 00 00 00 00 00 00 00 00 b3 0f 40 08 00 00 00 00
0100: 00 00 00 00 00 00 00 00 00 00 00 00 00 00 00 00
0110: 00 00 00 00 00 00 00 00 00 00 00 00 00 00 00 00
0120: 00 00 00 00 00 00 00 00 00 00 00 00 00 00 00 00
0130: 00 00 00 00 00 00 00 00 00 00 00 00 00 00 00 00
0140: 00 00 00 00 00 00 00 00 00 00 00 00 00 00 00 00
0150: 00 00 00 00 00 00 00 00 00 00 00 00 00 00 00 00
0160: 00 00 00 00 00 00 00 00 00 00 00 00 00 00 00 00
0170: 00 00 00 00 00 00 00 00 00 00 00 00 00 00 00 00
0180: 00 00 00 00 00 00 00 00 00 00 00 00 00 00 00 00
0190: 00 00 00 00 00 00 00 00 00 00 00 00 00 00 00 00
01a0: 00 00 00 00 00 00 00 00 00 00 00 00 00 00 00 00
01b0: 00 00 00 00 00 00 00 00 00 00 00 00 00 00 00 00
01c0: 00 00 00 00 00 00 00 00 00 00 00 00 00 00 00 00
01d0: 00 00 00 00 00 00 00 00 00 00 00 00 00 00 00 00
01e0: 00 00 00 00 00 00 00 00 00 00 00 00 00 00 00 00
01f0: 00 00 00 00 00 00 00 00 00 00 00 00 00 00 00 00
0200: 00 00 00 00 00 00 00 00 00 00 00 00 00 00 00 00
0210: 00 00 00 00 00 00 00 00 00 00 00 00 00 00 00 00
0220: 00 00 00 00 00 00 00 00 00 00 00 00 00 00 00 00
0230: 00 00 00 00 00 00 00 00 00 00 00 00 00 00 00 00
0240: 00 00 00 00 00 00 00 00 00 00 00 00 00 00 00 00
0250: 00 00 00 00 00 00 00 00 00 00 00 00 00 00 00 00
0260: 00 00 00 00 00 00 00 00 00 00 00 00 00 00 00 00
0270: 00 00 00 00 00 00 00 00 00 00 00 00 00 00 00 00
0280: 00 00 00 00 00 00 00 00 00 00 00 00 00 00 00 00
0290: 00 00 00 00 00 00 00 00 00 00 00 00 00 00 00 00
02a0: 00 00 00 00 00 00 00 00 00 00 00 00 00 00 00 00
02b0: 00 00 00 00 00 00 00 00 00 00 00 00 00 00 00 00
02c0: 00 00 00 00 00 00 00 00 00 00 00 00 00 00 00 00
02d0: 00 00 00 00 00 00 00 00 00 00 00 00 00 00 00 00
02e0: 00 00 00 00 00 00 00 00 00 00 00 00 00 00 00 00
02f0: 00 00 00 00 00 00 00 00 00 00 00 00 00 00 00 00
0300: 02 00 00 f0 00 1e 00 5c 00 00 00 00 00 00 00 00
0310: 09 00 09 00 00 00 00 00 00 00 00 00 00 00 00 00
0320: 48 00 00 00 48 00 00 00 00 00 00 00 00 00 00 00
0330: 70 00 70 00 80 00 80 00 a8 00 a8 00 d0 00 d0 00
0340: 00 00 00 00 00 00 00 00 00 00 00 00 00 00 00 00
0350: 00 00 c0 00 00 00 1b 00 00 00 00 00 00 00 00 00
0360: 00 00 00 00 00 00 00 00 00 00 00 00 00 00 00 00
0370: 00 00 00 00 00 00 00 00 00 00 00 00 00 00 00 00
0380: 00 00 00 00 00 00 00 00 00 00 00 00 00 00 00 00
0390: 00 00 00 00 00 00 00 00 00 00 00 00 00 00 00 00
03a0: 00 00 00 00 00 00 00 00 00 00 00 00 00 00 00 00
03b0: 00 00 00 00 00 00 00 00 00 00 00 00 00 00 00 00
03c0: 00 00 00 00 00 00 00 00 00 00 00 00 00 00 00 00
03d0: 00 00 00 00 00 00 00 00 00 00 00 00 00 00 00 00
03e0: 00 00 00 00 00 00 00 00 00 00 00 00 00 00 00 00
03f0: 00 00 00 00 00 00 00 00 00 00 00 00 00 00 00 00
0400: 00 00 00 00 00 00 00 00 00 00 00 00 00 00 00 00
0410: 00 00 00 00 00 00 00 00 00 00 00 00 00 00 00 00
0420: 00 00 00 00 00 00 00 00 00 00 00 00 00 00 00 00
0430: 00 00 00 00 00 00 00 00 00 00 00 00 00 00 00 00
0440: 00 00 00 00 00 00 00 00 00 00 00 00 00 00 00 00
0450: 00 00 00 00 00 00 00 00 00 00 00 00 00 00 00 00
0460: 00 00 00 00 00 00 00 00 00 00 00 00 00 00 00 00
0470: 00 00 00 00 00 00 00 00 00 00 00 00 00 00 00 00
0480: 00 00 00 00 00 00 00 00 00 00 00 00 00 00 00 00
0490: 00 00 00 00 00 00 00 00 00 00 00 00 00 00 00 00
04a0: 00 00 00 00 00 00 00 00 00 00 00 00 00 00 00 00
04b0: 00 00 00 00 00 00 00 00 00 00 00 00 00 00 00 00
04c0: 00 00 00 00 00 00 00 00 00 00 00 00 00 00 00 00
04d0: 00 00 00 00 00 00 00 00 00 00 00 00 00 00 00 00
04e0: 00 00 00 00 00 00 00 00 00 00 00 00 00 00 00 00
04f0: 00 00 00 00 00 00 00 00 00 00 00 00 00 00 00 00
0500: 00 00 00 00 00 00 00 00 00 00 00 00 00 00 00 00
0510: 00 00 00 00 00 00 00 00 00 00 00 00 00 00 00 00
0520: 00 00 00 00 00 00 00 00 00 00 00 00 00 00 00 00
0530: 00 00 00 00 00 00 00 00 00 00 00 00 00 00 00 00
0540: 00 00 00 00 00 00 00 00 00 00 00 00 00 00 00 00
0550: 00 00 00 00 00 00 00 00 00 00 00 00 00 00 00 00
0560: 00 00 00 00 00 00 00 00 00 00 00 00 00 00 00 00
0570: 00 00 00 00 00 00 00 00 00 00 00 00 00 00 00 00
0580: 00 00 00 00 00 00 00 00 00 00 00 00 00 00 00 00
0590: 00 00 00 00 00 00 00 00 00 00 00 00 00 00 00 00
05a0: 00 00 00 00 00 00 00 00 00 00 00 00 00 00 00 00
05b0: 00 00 00 00 00 00 00 00 00 00 00 00 00 00 00 00
05c0: 00 00 00 00 00 00 00 00 00 00 00 00 00 00 00 00
05d0: 00 00 00 00 00 00 00 00 00 00 00 00 00 00 00 00
05e0: 00 00 00 00 00 00 00 00 00 00 00 00 00 00 00 00
05f0: 00 00 00 00 00 00 00 00 00 00 00 00 00 00 00 00
0600: 00 00 00 00 00 00 00 00 00 00 00 00 00 00 00 00
0610: 00 00 00 00 00 00 00 00 00 00 00 00 00 00 00 00
0620: 00 00 00 00 00 00 00 00 00 00 00 00 00 00 00 00
0630: 00 00 00 00 00 00 00 00 00 00 00 00 00 00 00 00
0640: 00 00 00 00 00 00 00 00 00 00 00 00 00 00 00 00
0650: 00 00 00 00 00 00 00 00 00 00 00 00 00 00 00 00
0660: 00 00 00 00 00 00 00 00 00 00 00 00 00 00 00 00
0670: 00 00 00 00 00 00 00 00 00 00 00 00 00 00 00 00
0680: 00 00 00 00 00 00 00 00 00 00 00 00 00 00 00 00
0690: 00 00 00 00 00 00 00 00 00 00 00 00 00 00 00 00
06a0: 00 00 00 00 00 00 00 00 00 00 00 00 00 00 00 00
06b0: 00 00 00 00 00 00 00 00 00 00 00 00 00 00 00 00
06c0: 00 00 00 00 00 00 00 00 00 00 00 00 00 00 00 00
06d0: 00 00 00 00 00 00 00 00 00 00 00 00 00 00 00 00
06e0: 00 00 00 00 00 00 00 00 00 00 00 00 00 00 00 00
06f0: 00 00 00 00 00 00 00 00 00 00 00 00 00 00 00 00
0700: 00 00 00 00 00 00 00 00 00 00 00 00 00 00 00 00
0710: 00 00 00 00 00 00 00 00 00 00 00 00 00 00 00 00
0720: 00 00 00 00 00 00 00 00 00 00 00 00 00 00 00 00
0730: 00 00 00 00 00 00 00 00 00 00 00 00 00 00 00 00
0740: 00 00 00 00 00 00 00 00 00 00 00 00 00 00 00 00
0750: 00 00 00 00 00 00 00 00 00 00 00 00 00 00 00 00
0760: 00 00 00 00 00 00 00 00 00 00 00 00 00 00 00 00
0770: 00 00 00 00 00 00 00 00 00 00 00 00 00 00 00 00
0780: 00 00 00 00 00 00 00 00 00 00 00 00 00 00 00 00
0790: 00 00 00 00 00 00 00 00 00 00 00 00 00 00 00 00
07a0: 00 00 00 00 00 00 00 00 00 00 00 00 00 00 00 00
07b0: 00 00 00 00 00 00 00 00 00 00 00 00 00 00 00 00
07c0: 00 00 00 00 00 00 00 00 00 00 00 00 00 00 00 00
07d0: 00 00 00 00 00 00 00 00 00 00 00 00 00 00 00 00
07e0: 00 00 00 00 00 00 00 00 00 00 00 00 00 00 00 00
07f0: 00 00 00 00 00 00 00 00 00 00 00 00 00 00 00 00
0800: 00 00 00 00 00 00 00 00 00 00 00 00 00 00 00 00
0810: 00 00 00 00 00 00 00 00 00 00 00 00 00 00 00 00
0820: 00 00 00 00 00 00 00 00 00 00 00 00 00 00 00 00
0830: 00 00 00 00 00 00 00 00 00 00 00 00 00 00 00 00
0840: 00 00 00 00 00 00 00 00 00 00 00 00 00 00 00 00
0850: 00 00 00 00 00 00 00 00 00 00 00 00 00 00 00 00
0860: 00 00 00 00 00 00 00 00 00 00 00 00 00 00 00 00
0870: 00 00 00 00 00 00 00 00 00 00 00 00 00 00 00 00
0880: 00 00 00 00 00 00 00 00 00 00 00 00 00 00 00 00
0890: 00 00 00 00 00 00 00 00 00 00 00 00 00 00 00 00
08a0: 00 00 00 00 00 00 00 00 00 00 00 00 00 00 00 00
08b0: 00 00 00 00 00 00 00 00 00 00 00 00 00 00 00 00
08c0: 00 00 00 00 00 00 00 00 00 00 00 00 00 00 00 00
08d0: 00 00 00 00 00 00 00 00 00 00 00 00 00 00 00 00
08e0: 00 00 00 00 00 00 00 00 00 00 00 00 00 00 00 00
08f0: 00 00 00 00 00 00 00 00 00 00 00 00 00 00 00 00
0900: 00 00 00 00 00 00 00 00 00 00 00 00 00 00 00 00
0910: 00 00 00 00 00 00 00 00 00 00 00 00 00 00 00 00
0920: 00 00 00 00 00 00 00 00 00 00 00 00 00 00 00 00
0930: 00 00 00 00 00 00 00 00 00 00 00 00 00 00 00 00
0940: 00 00 00 00 00 00 00 00 00 00 00 00 00 00 00 00
0950: 00 00 00 00 00 00 00 00 00 00 00 00 00 00 00 00
0960: 00 00 00 00 00 00 00 00 00 00 00 00 00 00 00 00
0970: 00 00 00 00 00 00 00 00 00 00 00 00 00 00 00 00
0980: 00 00 00 00 00 00 00 00 00 00 00 00 00 00 00 00
0990: 00 00 00 00 00 00 00 00 00 00 00 00 00 00 00 00
09a0: 00 00 00 00 00 00 00 00 00 00 00 00 00 00 00 00
09b0: 00 00 00 00 00 00 00 00 00 00 00 00 00 00 00 00
09c0: 00 00 00 00 00 00 00 00 00 00 00 00 00 00 00 00
09d0: 00 00 00 00 00 00 00 00 00 00 00 00 00 00 00 00
09e0: 00 00 00 00 00 00 00 00 00 00 00 00 00 00 00 00
09f0: 00 00 00 00 00 00 00 00 00 00 00 00 00 00 00 00
0a00: 00 00 00 00 00 00 00 00 00 00 00 00 00 00 00 00
0a10: 00 00 00 00 00 00 00 00 00 00 00 00 00 00 00 00
0a20: 00 00 00 00 00 00 00 00 00 00 00 00 00 00 00 00
0a30: 00 00 00 00 00 00 00 00 00 00 00 00 00 00 00 00
0a40: 00 00 00 00 00 00 00 00 00 00 00 00 00 00 00 00
0a50: 00 00 00 00 00 00 00 00 00 00 00 00 00 00 00 00
0a60: 00 00 00 00 00 00 00 00 00 00 00 00 00 00 00 00
0a70: 00 00 00 00 00 00 00 00 00 00 00 00 00 00 00 00
0a80: 00 00 00 00 00 00 00 00 00 00 00 00 00 00 00 00
0a90: 00 00 00 00 00 00 00 00 00 00 00 00 00 00 00 00
0aa0: 00 00 00 00 00 00 00 00 00 00 00 00 00 00 00 00
0ab0: 00 00 00 00 00 00 00 00 00 00 00 00 00 00 00 00
0ac0: 00 00 00 00 00 00 00 00 00 00 00 00 00 00 00 00
0ad0: 00 00 00 00 00 00 00 00 00 00 00 00 00 00 00 00
0ae0: 00 00 00 00 00 00 00 00 00 00 00 00 00 00 00 00
0af0: 00 00 00 00 00 00 00 00 00 00 00 00 00 00 00 00
0b00: 00 00 00 00 00 00 00 00 00 00 00 00 00 00 00 00
0b10: 00 00 00 00 00 00 00 00 00 00 00 00 00 00 00 00
0b20: 00 00 00 00 00 00 00 00 00 00 00 00 00 00 00 00
0b30: 00 00 00 00 00 00 00 00 00 00 00 00 00 00 00 00
0b40: 00 00 00 00 00 00 00 00 00 00 00 00 00 00 00 00
0b50: 00 00 00 00 00 00 00 00 00 00 00 00 00 00 00 00
0b60: 00 00 00 00 00 00 00 00 00 00 00 00 00 00 00 00
0b70: 00 00 00 00 00 00 00 00 00 00 00 00 00 00 00 00
0b80: 00 00 00 00 00 00 00 00 00 00 00 00 00 00 00 00
0b90: 00 00 00 00 00 00 00 00 00 00 00 00 00 00 00 00
0ba0: 00 00 00 00 00 00 00 00 00 00 00 00 00 00 00 00
0bb0: 00 00 00 00 00 00 00 00 00 00 00 00 00 00 00 00
0bc0: 00 00 00 00 00 00 00 00 00 00 00 00 00 00 00 00
0bd0: 00 00 00 00 00 00 00 00 00 00 00 00 00 00 00 00
0be0: 00 00 00 00 00 00 00 00 00 00 00 00 00 00 00 00
0bf0: 00 00 00 00 00 00 00 00 00 00 00 00 00 00 00 00
0c00: 00 00 00 00 00 00 00 00 00 00 00 00 00 00 00 00
0c10: 00 00 00 00 00 00 00 00 00 00 00 00 00 00 00 00
0c20: 00 00 00 00 00 00 00 00 00 00 00 00 00 00 00 00
0c30: 00 00 00 00 00 00 00 00 00 00 00 00 00 00 00 00
0c40: 00 00 00 00 00 00 00 00 00 00 00 00 00 00 00 00
0c50: 00 00 00 00 00 00 00 00 00 00 00 00 00 00 00 00
0c60: 00 00 00 00 00 00 00 00 00 00 00 00 00 00 00 00
0c70: 00 00 00 00 00 00 00 00 00 00 00 00 00 00 00 00
0c80: 00 00 00 00 00 00 00 00 00 00 00 00 00 00 00 00
0c90: 00 00 00 00 00 00 00 00 00 00 00 00 00 00 00 00
0ca0: 00 00 00 00 00 00 00 00 00 00 00 00 00 00 00 00
0cb0: 00 00 00 00 00 00 00 00 00 00 00 00 00 00 00 00
0cc0: 00 00 00 00 00 00 00 00 00 00 00 00 00 00 00 00
0cd0: 00 00 00 00 00 00 00 00 00 00 00 00 00 00 00 00
0ce0: 00 00 00 00 00 00 00 00 00 00 00 00 00 00 00 00
0cf0: 00 00 00 00 00 00 00 00 00 00 00 00 00 00 00 00
0d00: 00 00 00 00 00 00 00 00 00 00 00 00 00 00 00 00
0d10: 00 00 00 00 00 00 00 00 00 00 00 00 00 00 00 00
0d20: 00 00 00 00 00 00 00 00 00 00 00 00 00 00 00 00
0d30: 00 00 00 00 00 00 00 00 00 00 00 00 00 00 00 00
0d40: 00 00 00 00 00 00 00 00 00 00 00 00 00 00 00 00
0d50: 00 00 00 00 00 00 00 00 00 00 00 00 00 00 00 00
0d60: 00 00 00 00 00 00 00 00 00 00 00 00 00 00 00 00
0d70: 00 00 00 00 00 00 00 00 00 00 00 00 00 00 00 00
0d80: 00 00 00 00 00 00 00 00 00 00 00 00 00 00 00 00
0d90: 00 00 00 00 00 00 00 00 00 00 00 00 00 00 00 00
0da0: 00 00 00 00 00 00 00 00 00 00 00 00 00 00 00 00
0db0: 00 00 00 00 00 00 00 00 00 00 00 00 00 00 00 00
0dc0: 00 00 00 00 00 00 00 00 00 00 00 00 00 00 00 00
0dd0: 00 00 00 00 00 00 00 00 00 00 00 00 00 00 00 00
0de0: 00 00 00 00 00 00 00 00 00 00 00 00 00 00 00 00
0df0: 00 00 00 00 00 00 00 00 00 00 00 00 00 00 00 00
0e00: 00 00 00 00 00 00 00 00 00 00 00 00 00 00 00 00
0e10: 00 00 00 00 00 00 00 00 00 00 00 00 00 00 00 00
0e20: 00 00 00 00 00 00 00 00 00 00 00 00 00 00 00 00
0e30: 00 00 00 00 00 00 00 00 00 00 00 00 00 00 00 00
0e40: 00 00 00 00 00 00 00 00 00 00 00 00 00 00 00 00
0e50: 00 00 00 00 00 00 00 00 00 00 00 00 00 00 00 00
0e60: 00 00 00 00 00 00 00 00 00 00 00 00 00 00 00 00
0e70: 00 00 00 00 00 00 00 00 00 00 00 00 00 00 00 00
0e80: 00 00 00 00 00 00 00 00 00 00 00 00 00 00 00 00
0e90: 00 00 00 00 00 00 00 00 00 00 00 00 00 00 00 00
0ea0: 00 00 00 00 00 00 00 00 00 00 00 00 00 00 00 00
0eb0: 00 00 00 00 00 00 00 00 00 00 00 00 00 00 00 00
0ec0: 00 00 00 00 00 00 00 00 00 00 00 00 00 00 00 00
0ed0: 00 00 00 00 00 00 00 00 00 00 00 00 00 00 00 00
0ee0: 00 00 00 00 00 00 00 00 00 00 00 00 00 00 00 00
0ef0: 00 00 00 00 00 00 00 00 00 00 00 00 00 00 00 00
0f00: 00 00 00 00 00 00 00 00 00 00 00 00 00 00 00 00
0f10: 00 00 00 00 00 00 00 00 00 00 00 00 00 00 00 00
0f20: 00 00 00 00 00 00 00 00 00 00 00 00 00 00 00 00
0f30: 00 00 00 00 00 00 00 00 00 00 00 00 00 00 00 00
0f40: 00 00 00 00 00 00 00 00 00 00 00 00 00 00 00 00
0f50: 00 00 00 00 00 00 00 00 00 00 00 00 00 00 00 00
0f60: 00 00 00 00 00 00 00 00 00 00 00 00 00 00 00 00
0f70: 00 00 00 00 00 00 00 00 00 00 00 00 00 00 00 00
0f80: 00 00 00 00 00 00 00 00 00 00 00 00 00 00 00 00
0f90: 00 00 00 00 00 00 00 00 00 00 00 00 00 00 00 00
0fa0: 00 00 00 00 00 00 00 00 00 00 00 00 00 00 00 00
0fb0: 00 00 00 00 00 00 00 00 00 00 00 00 00 00 00 00
0fc0: 02 00 06 00 00 00 00 00 00 00 00 00 00 00 00 00
0fd0: 00 00 00 00 00 00 00 00 00 00 00 00 00 00 00 00
0fe0: 00 00 00 00 00 00 00 00 00 00 00 00 00 00 00 00
0ff0: 00 00 00 00 00 00 00 00 00 00 00 00 00 00 00 00

PCIe 00:1c.0 extended config space:
0000: 86 80 14 9d 07 04 10 00 f1 00 04 06 10 00 81 00
0010: 00 00 00 00 00 00 00 00 00 01 01 00 30 30 00 20
0020: 00 b1 00 b1 f1 ff 01 00 00 00 00 00 00 00 00 00
0030: 00 00 00 00 40 00 00 00 00 00 00 00 ff 01 02 00
0040: 10 80 42 01 01 80 00 00 00 00 10 00 13 48 72 05
0050: 42 00 11 70 00 b2 24 00 00 00 40 01 08 00 00 00
0060: 00 00 00 00 37 08 00 00 00 04 00 00 0e 00 00 00
0070: 03 00 01 00 00 00 00 00 00 00 00 00 00 00 00 00
0080: 05 90 01 00 38 02 e0 fe 00 00 00 00 00 00 00 00
0090: 0d a0 00 00 aa 17 2f 38 00 00 00 00 00 00 00 00
00a0: 01 00 03 c8 00 00 00 00 00 00 00 00 00 00 00 00
00b0: 00 00 00 00 00 00 00 00 00 00 00 00 00 00 00 00
00c0: 00 00 00 00 00 00 00 00 00 00 00 00 00 00 00 00
00d0: 01 10 00 07 42 18 00 00 08 00 9e 09 00 00 00 00
00e0: 00 f7 f3 00 00 00 00 00 06 80 12 00 00 00 00 00
00f0: 50 01 00 00 00 03 00 40 b3 0f 40 08 04 00 00 01
0100: 00 00 00 14 00 00 00 00 00 00 01 00 11 00 06 00
0110: 00 00 00 00 00 20 00 00 00 00 00 00 00 00 00 00
0120: 00 00 00 00 00 00 00 00 00 00 00 00 00 00 00 00
0130: 00 00 00 00 00 00 00 00 00 00 00 00 00 00 00 00
0140: 0d 00 01 22 0f 00 00 00 00 00 00 00 00 00 00 00
0150: 00 00 00 00 00 00 00 00 00 00 00 00 00 00 00 00
0160: 00 00 00 00 00 00 00 00 00 00 00 00 00 00 00 00
0170: 00 00 00 00 00 00 00 00 00 00 00 00 00 00 00 00
0180: 00 00 00 00 00 00 00 00 00 00 00 00 00 00 00 00
0190: 00 00 00 00 00 00 00 00 00 00 00 00 00 00 00 00
01a0: 00 00 00 00 00 00 00 00 00 00 00 00 00 00 00 00
01b0: 00 00 00 00 00 00 00 00 00 00 00 00 00 00 00 00
01c0: 00 00 00 00 00 00 00 00 00 00 00 00 00 00 00 00
01d0: 00 00 00 00 00 00 00 00 00 00 00 00 00 00 00 00
01e0: 00 00 00 00 00 00 00 00 00 00 00 00 00 00 00 00
01f0: 00 00 00 00 00 00 00 00 00 00 00 00 00 00 00 00
0200: 00 00 00 00 00 28 b0 00 00 00 00 00 79 00 00 00
0210: 00 00 00 00 00 00 00 00 00 00 00 00 00 00 00 00
0220: 19 00 01 00 00 00 00 00 00 00 00 00 77 75 77 75
0230: 77 75 77 75 00 00 00 00 00 00 00 00 00 00 00 00
0240: 00 00 00 00 00 00 00 00 00 00 00 00 00 00 00 00
0250: 00 00 00 00 00 00 00 00 00 00 00 00 00 00 00 00
0260: 00 00 00 00 00 00 00 00 00 00 00 00 00 00 00 00
0270: 00 00 00 00 00 00 00 00 00 00 00 00 00 00 00 00
0280: 00 00 00 00 00 00 00 00 00 00 00 00 00 00 00 00
0290: 00 00 00 00 00 00 00 00 00 00 00 00 00 00 00 00
02a0: 00 00 00 00 00 00 00 00 00 00 00 00 00 00 00 00
02b0: 00 00 00 00 00 00 00 00 00 00 00 00 00 00 00 00
02c0: 00 00 00 00 00 00 00 00 00 00 00 00 00 00 00 00
02d0: 00 00 00 00 00 00 00 00 00 00 00 00 00 00 00 00
02e0: 00 00 00 00 00 00 00 00 00 00 00 00 00 00 00 00
02f0: 00 00 00 00 00 00 00 00 00 00 00 00 00 00 00 00
0300: a7 5f b7 00 97 0c c0 1b 00 00 00 00 00 00 00 00
0310: 00 00 00 00 38 3f 70 7e 00 00 14 14 d9 23 6a 05
0320: db 60 d9 69 20 60 00 08 ab 1b 38 33 aa 9b bf 0a
0330: 16 00 00 2a bc b5 bc 4a 72 01 00 30 00 00 00 00
0340: 1c 01 1c 00 24 01 20 00 80 00 3c 00 71 00 8e 00
0350: 75 00 92 00 01 00 0d 00 01 00 01 00 00 00 00 00
0360: 00 00 00 00 00 00 00 00 00 00 00 00 00 00 00 00
0370: 00 00 00 00 00 00 00 00 00 00 00 00 00 00 00 00
0380: 00 00 00 00 00 00 00 00 00 00 00 00 00 00 00 00
0390: 00 00 00 00 00 00 00 00 00 00 00 00 00 00 00 00
03a0: 00 00 00 00 00 00 00 00 00 00 00 00 00 00 00 00
03b0: 00 00 00 00 00 00 00 00 00 00 00 00 00 00 00 00
03c0: 00 00 00 00 00 00 00 00 00 00 00 00 00 00 00 00
03d0: 00 00 00 00 00 00 00 00 00 00 00 00 00 00 00 00
03e0: 00 00 00 00 00 00 00 00 00 00 00 00 00 00 00 00
03f0: 00 00 00 00 00 00 00 00 00 00 00 00 00 00 00 00
0400: 00 00 00 00 00 00 00 00 00 00 00 00 00 00 00 00
0410: 00 00 00 00 00 00 00 00 30 09 00 00 00 00 00 00
0420: 27 83 ae e2 f0 59 00 00 28 00 00 00 55 55 15 14
0430: 54 00 00 00 00 00 00 00 00 00 00 00 00 00 00 00
0440: 00 00 00 00 00 00 00 00 00 00 00 00 00 00 00 00
0450: 82 11 80 02 00 00 00 00 00 00 00 00 00 00 00 00
0460: 00 00 00 00 00 00 00 00 00 0e 08 a0 00 00 00 00
0470: 00 00 00 00 00 00 00 00 2c 3d 00 28 01 a0 00 00
0480: 00 00 00 00 00 00 00 00 00 00 00 00 00 00 00 00
0490: 00 00 00 00 00 00 00 00 00 00 00 00 00 00 00 00
04a0: 00 00 00 00 00 00 00 00 00 00 00 00 00 00 00 00
04b0: 00 00 00 00 00 00 00 00 00 00 00 00 00 00 00 00
04c0: 00 00 00 00 00 00 00 00 00 00 00 00 00 00 00 00
04d0: 00 00 00 00 00 00 00 00 00 00 00 00 00 00 00 00
04e0: 00 00 00 00 00 00 00 00 00 00 00 00 00 00 00 00
04f0: 00 00 00 00 00 00 00 00 00 00 00 00 00 00 00 00
0500: 18 80 6c 00 85 06 18 1c 00 01 02 00 dd 00 70 04
0510: c0 35 18 18 04 b1 15 00 16 a0 00 00 0a 20 00 00
0520: 00 00 00 00 00 00 00 00 00 00 00 00 00 00 00 00
0530: 00 00 00 00 00 00 00 00 00 00 00 00 00 00 00 00
0540: 00 00 00 00 00 00 00 00 00 00 00 00 00 00 00 00
0550: 00 00 00 00 00 00 00 00 00 00 00 00 00 00 00 00
0560: 00 00 00 00 00 00 00 00 00 00 00 00 00 00 00 00
0570: 00 00 00 00 00 00 00 00 00 00 00 00 00 00 00 00
0580: 00 00 00 00 00 00 00 00 00 00 00 00 00 00 00 00
0590: 00 00 00 00 00 00 00 00 00 00 00 00 00 00 00 00
05a0: 00 00 00 00 00 00 00 00 00 00 00 00 00 00 00 00
05b0: 00 00 00 00 00 00 00 00 00 00 00 00 00 00 00 00
05c0: 00 00 00 00 00 00 00 00 00 00 00 00 00 00 00 00
05d0: 00 00 00 00 00 00 00 00 00 00 00 00 00 00 00 00
05e0: 00 00 00 00 00 00 00 00 00 00 00 00 00 00 00 00
05f0: 00 00 00 00 00 00 00 00 00 00 00 00 00 00 00 00
0600: 00 00 00 00 00 00 00 00 00 00 00 00 00 00 00 00
0610: 00 00 00 00 00 00 00 00 00 00 00 00 00 00 00 00
0620: 00 00 00 00 00 00 00 00 00 00 00 00 00 00 00 00
0630: 00 00 00 00 00 00 00 00 00 00 00 00 00 00 00 00
0640: 00 00 00 00 00 00 00 00 00 00 00 00 00 00 00 00
0650: 00 00 00 00 00 00 00 00 00 00 00 00 00 00 00 00
0660: 00 00 00 00 00 00 00 00 00 00 00 00 00 00 00 00
0670: 00 00 00 00 00 00 00 00 00 00 00 00 00 00 00 00
0680: 00 00 00 00 00 00 00 00 00 00 00 00 00 00 00 00
0690: 00 00 00 00 00 00 00 00 00 00 00 00 00 00 00 00
06a0: 00 00 00 00 00 00 00 00 00 00 00 00 00 00 00 00
06b0: 00 00 00 00 00 00 00 00 00 00 00 00 00 00 00 00
06c0: 00 00 00 00 00 00 00 00 00 00 00 00 00 00 00 00
06d0: 00 00 00 00 00 00 00 00 00 00 00 00 00 00 00 00
06e0: 00 00 00 00 00 00 00 00 00 00 00 00 00 00 00 00
06f0: 00 00 00 00 00 00 00 00 00 00 00 00 00 00 00 00
0700: 00 00 00 00 00 00 00 00 00 00 00 00 00 00 00 00
0710: 00 00 00 00 00 00 00 00 00 00 00 00 00 00 00 00
0720: 00 00 00 00 00 00 00 00 00 00 00 00 00 00 00 00
0730: 00 00 00 00 00 00 00 00 00 00 00 00 00 00 00 00
0740: 00 00 00 00 00 00 00 00 00 00 00 00 00 00 00 00
0750: 00 00 00 00 00 00 00 00 00 00 00 00 00 00 00 00
0760: 00 00 00 00 00 00 00 00 00 00 00 00 00 00 00 00
0770: 00 00 00 00 00 00 00 00 00 00 00 00 00 00 00 00
0780: 00 00 00 00 00 00 00 00 00 00 00 00 00 00 00 00
0790: 00 00 00 00 00 00 00 00 00 00 00 00 00 00 00 00
07a0: 00 00 00 00 00 00 00 00 00 00 00 00 00 00 00 00
07b0: 00 00 00 00 00 00 00 00 00 00 00 00 00 00 00 00
07c0: 00 00 00 00 00 00 00 00 00 00 00 00 00 00 00 00
07d0: 00 00 00 00 00 00 00 00 00 00 00 00 00 00 00 00
07e0: 00 00 00 00 00 00 00 00 00 00 00 00 00 00 00 00
07f0: 00 00 00 00 00 00 00 00 00 00 00 00 00 00 00 00
0800: 00 00 00 00 03 00 00 00 01 00 00 00 00 00 00 00
0810: 00 00 00 00 00 00 00 00 00 00 00 00 00 00 00 00
0820: 00 00 00 00 00 00 00 00 00 00 00 00 00 00 00 00
0830: 00 00 00 00 00 00 00 00 00 00 00 00 00 00 00 00
0840: 00 00 00 00 00 00 00 00 00 00 00 00 00 00 00 00
0850: 00 00 00 00 00 00 00 00 00 00 00 00 00 00 00 00
0860: 00 00 00 00 00 00 00 00 00 00 00 00 00 00 00 00
0870: 00 00 00 00 00 00 00 00 00 00 00 00 00 00 00 00
0880: 00 00 00 00 00 00 00 00 00 00 00 00 00 00 00 00
0890: 00 00 00 00 00 00 00 00 00 00 00 00 00 00 00 00
08a0: 00 00 00 00 00 00 00 00 00 00 00 00 00 00 00 00
08b0: 00 00 00 00 00 00 00 00 00 00 00 00 00 00 00 00
08c0: 00 00 00 00 00 00 00 00 00 00 00 00 00 00 00 00
08d0: 00 00 00 00 00 00 00 00 00 00 00 00 00 00 00 00
08e0: 00 00 00 00 00 00 00 00 00 00 00 00 00 00 00 00
08f0: 00 00 00 00 00 00 00 00 00 00 00 00 00 00 00 00
0900: 06 b0 c4 0c 96 0f 64 07 00 00 00 00 00 00 00 00
0910: 00 00 00 00 00 00 00 00 00 00 06 40 00 00 00 00
0920: 00 00 00 00 00 00 00 00 00 00 00 00 00 00 00 00
0930: 00 00 00 00 00 00 00 00 00 00 00 00 00 00 00 00
0940: 00 00 00 00 00 00 00 00 00 00 00 00 00 00 00 00
0950: 00 00 00 00 00 00 00 00 00 00 00 00 00 00 00 00
0960: 00 00 00 00 00 00 00 00 00 00 00 00 00 00 00 00
0970: 00 00 00 00 00 00 00 00 00 00 00 00 00 00 00 00
0980: 00 00 00 00 00 00 00 00 00 00 00 00 00 00 00 00
0990: 00 00 00 00 00 00 00 00 00 00 00 00 00 00 00 00
09a0: 00 00 00 00 00 00 00 00 00 00 00 00 00 00 00 00
09b0: 00 00 00 00 00 00 00 00 00 00 00 00 00 00 00 00
09c0: 00 00 00 00 00 00 00 00 00 00 00 00 00 00 00 00
09d0: 00 00 00 00 00 00 00 00 00 00 00 00 00 00 00 00
09e0: 00 00 00 00 00 00 00 00 00 00 00 00 00 00 00 00
09f0: 00 00 00 00 00 00 00 00 00 00 00 00 00 00 00 00
0a00: 00 00 00 00 00 00 00 00 00 00 00 00 00 00 00 00
0a10: 00 00 00 00 00 00 00 00 00 00 00 00 00 00 00 00
0a20: 00 00 00 00 00 00 00 00 00 00 00 00 00 00 00 00
0a30: 00 00 00 00 00 00 00 00 00 00 00 00 00 00 00 00
0a40: 00 00 00 00 00 00 00 00 00 00 00 00 00 00 00 00
0a50: 00 00 00 00 00 00 00 00 00 00 00 00 00 00 00 00
0a60: 00 00 00 00 00 00 00 00 00 00 00 00 00 00 00 00
0a70: 00 00 00 00 00 00 00 00 00 00 00 00 00 00 00 00
0a80: 00 00 00 00 00 00 00 00 00 00 00 00 00 00 00 00
0a90: 00 00 00 00 00 00 00 00 00 00 00 00 00 00 00 00
0aa0: 00 00 00 00 00 00 00 00 00 00 00 00 00 00 00 00
0ab0: 00 00 00 00 00 00 00 00 00 00 00 00 00 00 00 00
0ac0: 00 00 00 00 00 00 00 00 00 00 00 00 00 00 00 00
0ad0: 00 00 00 00 00 00 00 00 00 00 00 00 00 00 00 00
0ae0: 00 00 00 00 00 00 00 00 00 00 00 00 00 00 00 00
0af0: 00 00 00 00 00 00 00 00 00 00 00 00 00 00 00 00
0b00: 00 00 00 00 00 00 00 00 00 00 00 00 00 00 00 00
0b10: 00 00 00 00 00 00 00 00 00 00 00 00 00 00 00 00
0b20: 00 00 00 00 00 00 00 00 00 00 00 00 00 00 00 00
0b30: 00 00 00 00 00 00 00 00 00 00 00 00 00 00 00 00
0b40: 00 00 00 00 00 00 00 00 00 00 00 00 00 00 00 00
0b50: 00 00 00 00 00 00 00 00 00 00 00 00 00 00 00 00
0b60: 00 00 00 00 00 00 00 00 00 00 00 00 00 00 00 00
0b70: 00 00 00 00 00 00 00 00 00 00 00 00 00 00 00 00
0b80: 00 00 00 00 00 00 00 00 00 00 00 00 00 00 00 00
0b90: 00 00 00 00 00 00 00 00 00 00 00 00 00 00 00 00
0ba0: 00 00 00 00 00 00 00 00 00 00 00 00 00 00 00 00
0bb0: 00 00 00 00 00 00 00 00 00 00 00 00 00 00 00 00
0bc0: 00 00 00 00 00 00 00 00 00 00 00 00 00 00 00 00
0bd0: 00 00 00 00 00 00 00 00 00 00 00 00 00 00 00 00
0be0: 00 00 00 00 00 00 00 00 00 00 00 00 00 00 00 00
0bf0: 00 00 00 00 00 00 00 00 00 00 00 00 00 00 00 00
0c00: 00 00 00 00 00 00 00 00 00 00 00 00 00 00 00 00
0c10: 00 00 00 00 00 00 00 00 00 00 00 00 00 00 00 00
0c20: 00 00 00 00 00 00 00 00 00 00 00 00 00 00 00 00
0c30: 00 00 00 00 00 00 00 00 00 00 00 00 00 00 00 00
0c40: 00 00 00 00 00 00 00 00 00 00 00 00 00 00 00 00
0c50: 00 00 00 00 00 00 00 00 00 00 00 00 00 00 00 00
0c60: 00 00 00 00 00 00 00 00 00 00 00 00 00 00 00 00
0c70: 00 00 00 00 00 00 00 00 00 00 00 00 00 00 00 00
0c80: 00 00 00 00 00 00 00 00 00 00 00 00 00 00 00 00
0c90: 00 00 00 00 00 00 00 00 00 00 00 00 00 00 00 00
0ca0: 00 00 00 00 00 00 00 00 00 00 00 00 00 00 00 00
0cb0: 00 00 00 00 00 00 00 00 00 00 00 00 00 00 00 00
0cc0: 00 00 00 00 00 00 00 00 00 00 00 00 00 00 00 00
0cd0: 00 00 00 00 00 00 00 00 00 00 00 00 00 00 00 00
0ce0: 00 00 00 00 00 00 00 00 00 00 00 00 00 00 00 00
0cf0: 00 00 00 00 00 00 00 00 00 00 00 00 00 00 00 00
0d00: 00 00 00 00 00 00 00 00 00 00 00 00 00 00 00 00
0d10: 00 00 00 00 00 00 00 00 00 00 00 00 00 00 00 00
0d20: 00 00 00 00 00 00 00 00 00 00 00 00 00 00 00 00
0d30: 00 00 00 00 00 00 00 00 00 00 00 00 00 00 00 00
0d40: 00 00 00 00 00 00 00 00 00 00 00 00 00 00 00 00
0d50: 00 00 00 00 00 00 00 00 00 00 00 00 00 00 00 00
0d60: 00 00 00 00 00 00 00 00 00 00 00 00 00 00 00 00
0d70: 00 00 00 00 00 00 00 00 00 00 00 00 00 00 00 00
0d80: 00 00 00 00 00 00 00 00 00 00 00 00 00 00 00 00
0d90: 00 00 00 00 00 00 00 00 00 00 00 00 00 00 00 00
0da0: 00 00 00 00 00 00 00 00 00 00 00 00 00 00 00 00
0db0: 00 00 00 00 00 00 00 00 00 00 00 00 00 00 00 00
0dc0: 00 00 00 00 00 00 00 00 00 00 00 00 00 00 00 00
0dd0: 00 00 00 00 00 00 00 00 00 00 00 00 00 00 00 00
0de0: 00 00 00 00 00 00 00 00 00 00 00 00 00 00 00 00
0df0: 00 00 00 00 00 00 00 00 00 00 00 00 00 00 00 00
0e00: 00 00 00 00 00 00 00 00 00 00 00 00 00 00 00 00
0e10: 00 00 00 00 00 00 00 00 00 00 00 00 00 00 00 00
0e20: 00 00 00 00 00 00 00 00 00 00 00 00 00 00 00 00
0e30: 00 00 00 00 00 00 00 00 00 00 00 00 00 00 00 00
0e40: 00 00 00 00 00 00 00 00 00 00 00 00 00 00 00 00
0e50: 00 00 00 00 00 00 00 00 00 00 00 00 00 00 00 00
0e60: 00 00 00 00 00 00 00 00 00 00 00 00 00 00 00 00
0e70: 00 00 00 00 00 00 00 00 00 00 00 00 00 00 00 00
0e80: 00 00 00 00 00 00 00 00 00 00 00 00 00 00 00 00
0e90: 00 00 00 00 00 00 00 00 00 00 00 00 00 00 00 00
0ea0: 00 00 00 00 00 00 00 00 00 00 00 00 00 00 00 00
0eb0: 00 00 00 00 00 00 00 00 00 00 00 00 00 00 00 00
0ec0: 00 00 00 00 00 00 00 00 00 00 00 00 00 00 00 00
0ed0: 00 00 00 00 00 00 00 00 00 00 00 00 00 00 00 00
0ee0: 00 00 00 00 00 00 00 00 00 00 00 00 00 00 00 00
0ef0: 00 00 00 00 00 00 00 00 00 00 00 00 00 00 00 00
0f00: 00 00 00 00 00 00 00 00 00 00 00 00 00 00 00 00
0f10: 00 00 00 00 00 00 00 00 00 00 00 00 00 00 00 00
0f20: 00 00 00 00 00 00 00 00 00 00 00 00 00 00 00 00
0f30: 00 00 00 00 00 00 00 00 00 00 00 00 00 00 00 00
0f40: 00 00 00 00 00 00 00 00 00 00 00 00 00 00 00 00
0f50: 00 00 00 00 00 00 00 00 00 00 00 00 00 00 00 00
0f60: 00 00 00 00 00 00 00 00 00 00 00 00 00 00 00 00
0f70: 00 00 00 00 00 00 00 00 00 00 00 00 00 00 00 00
0f80: 00 00 00 00 00 00 00 00 00 00 00 00 00 00 00 00
0f90: 00 00 00 00 00 00 00 00 00 00 00 00 00 00 00 00
0fa0: 00 00 00 00 00 00 00 00 00 00 00 00 00 00 00 00
0fb0: 00 00 00 00 00 00 00 00 00 00 00 00 00 00 00 00
0fc0: 00 00 00 00 00 00 00 00 00 00 00 00 00 00 00 00
0fd0: 00 00 00 00 00 00 00 00 00 00 00 00 00 00 00 00
0fe0: 00 00 00 00 00 00 00 00 00 00 00 00 00 00 00 00
0ff0: 00 00 00 00 00 00 00 00 00 00 00 00 00 00 00 00

PCIe 00:1f.0 extended config space:
0000: 86 80 48 9d 07 00 00 02 21 00 01 06 00 00 80 00
0010: 00 00 00 00 00 00 00 00 00 00 00 00 00 00 00 00
0020: 00 00 00 00 00 00 00 00 00 00 00 00 aa 17 31 38
0030: 00 00 00 00 00 00 00 00 00 00 00 00 00 00 00 00
0040: 00 00 00 00 00 00 00 00 00 00 00 00 00 00 00 00
0050: 00 00 00 00 00 00 00 00 00 00 00 00 00 00 00 00
0060: 00 00 00 00 d0 00 00 00 00 00 00 00 00 00 00 00
0070: 00 00 00 00 00 00 00 00 00 00 00 00 00 00 00 00
0080: 10 00 03 3f 41 16 0c 00 81 06 0c 00 69 00 04 00
0090: 69 00 00 00 00 0f 00 00 01 00 00 ff 00 00 00 00
00a0: 00 00 00 00 00 00 00 00 00 00 00 00 00 00 00 00
00b0: 00 00 00 00 00 00 00 00 00 00 00 00 00 00 00 00
00c0: 00 00 00 00 00 00 00 00 00 00 00 00 00 00 00 00
00d0: 33 22 11 00 67 45 00 00 cf ff 00 00 a2 00 00 00
00e0: c1 00 00 00 00 00 00 00 00 00 00 00 00 00 00 00
00f0: 00 00 00 00 00 00 00 00 b3 0f 40 08 00 00 00 00
0100: 00 00 00 00 00 00 00 00 00 00 00 00 00 00 00 00
0110: 00 00 00 00 00 00 00 00 00 00 00 00 00 00 00 00
0120: 00 00 00 00 00 00 00 00 00 00 00 00 00 00 00 00
0130: 00 00 00 00 00 00 00 00 00 00 00 00 00 00 00 00
0140: 00 00 00 00 00 00 00 00 00 00 00 00 00 00 00 00
0150: 00 00 00 00 00 00 00 00 00 00 00 00 00 00 00 00
0160: 00 00 00 00 00 00 00 00 00 00 00 00 00 00 00 00
0170: 00 00 00 00 00 00 00 00 00 00 00 00 00 00 00 00
0180: 00 00 00 00 00 00 00 00 00 00 00 00 00 00 00 00
0190: 00 00 00 00 00 00 00 00 00 00 00 00 00 00 00 00
01a0: 00 00 00 00 00 00 00 00 00 00 00 00 00 00 00 00
01b0: 00 00 00 00 00 00 00 00 00 00 00 00 00 00 00 00
01c0: 00 00 00 00 00 00 00 00 00 00 00 00 00 00 00 00
01d0: 00 00 00 00 00 00 00 00 00 00 00 00 00 00 00 00
01e0: 00 00 00 00 00 00 00 00 00 00 00 00 00 00 00 00
01f0: 00 00 00 00 00 00 00 00 00 00 00 00 00 00 00 00
0200: 00 00 00 00 00 00 00 00 00 00 00 00 00 00 00 00
0210: 00 00 00 00 00 00 00 00 00 00 00 00 00 00 00 00
0220: 00 00 00 00 00 00 00 00 00 00 00 00 00 00 00 00
0230: 00 00 00 00 00 00 00 00 00 00 00 00 00 00 00 00
0240: 00 00 00 00 00 00 00 00 00 00 00 00 00 00 00 00
0250: 00 00 00 00 00 00 00 00 00 00 00 00 00 00 00 00
0260: 00 00 00 00 00 00 00 00 00 00 00 00 00 00 00 00
0270: 00 00 00 00 00 00 00 00 00 00 00 00 00 00 00 00
0280: 00 00 00 00 00 00 00 00 00 00 00 00 00 00 00 00
0290: 00 00 00 00 00 00 00 00 00 00 00 00 00 00 00 00
02a0: 00 00 00 00 00 00 00 00 00 00 00 00 00 00 00 00
02b0: 00 00 00 00 00 00 00 00 00 00 00 00 00 00 00 00
02c0: 00 00 00 00 00 00 00 00 00 00 00 00 00 00 00 00
02d0: 00 00 00 00 00 00 00 00 00 00 00 00 00 00 00 00
02e0: 00 00 00 00 00 00 00 00 00 00 00 00 00 00 00 00
02f0: 00 00 00 00 00 00 00 00 00 00 00 00 00 00 00 00
0300: 00 00 00 00 00 00 00 00 00 00 00 00 00 00 00 00
0310: 00 00 00 00 00 00 00 00 00 00 00 00 00 00 00 00
0320: 00 00 00 00 00 00 00 00 00 00 00 00 00 00 00 00
0330: 00 00 00 00 00 00 00 00 00 00 00 00 00 00 00 00
0340: 00 00 00 00 00 00 00 00 00 00 00 00 00 00 00 00
0350: 00 00 00 00 00 00 00 00 00 00 00 00 00 00 00 00
0360: 00 00 00 00 00 00 00 00 00 00 00 00 00 00 00 00
0370: 00 00 00 00 00 00 00 00 00 00 00 00 00 00 00 00
0380: 00 00 00 00 00 00 00 00 00 00 00 00 00 00 00 00
0390: 00 00 00 00 00 00 00 00 00 00 00 00 00 00 00 00
03a0: 00 00 00 00 00 00 00 00 00 00 00 00 00 00 00 00
03b0: 00 00 00 00 00 00 00 00 00 00 00 00 00 00 00 00
03c0: 00 00 00 00 00 00 00 00 00 00 00 00 00 00 00 00
03d0: 00 00 00 00 00 00 00 00 00 00 00 00 00 00 00 00
03e0: 00 00 00 00 00 00 00 00 00 00 00 00 00 00 00 00
03f0: 00 00 00 00 00 00 00 00 00 00 00 00 00 00 00 00
0400: 00 00 00 00 00 00 00 00 00 00 00 00 00 00 00 00
0410: 00 00 00 00 00 00 00 00 00 00 00 00 00 00 00 00
0420: 00 00 00 00 00 00 00 00 00 00 00 00 00 00 00 00
0430: 00 00 00 00 00 00 00 00 00 00 00 00 00 00 00 00
0440: 00 00 00 00 00 00 00 00 00 00 00 00 00 00 00 00
0450: 00 00 00 00 00 00 00 00 00 00 00 00 00 00 00 00
0460: 00 00 00 00 00 00 00 00 00 00 00 00 00 00 00 00
0470: 00 00 00 00 00 00 00 00 00 00 00 00 00 00 00 00
0480: 00 00 00 00 00 00 00 00 00 00 00 00 00 00 00 00
0490: 00 00 00 00 00 00 00 00 00 00 00 00 00 00 00 00
04a0: 00 00 00 00 00 00 00 00 00 00 00 00 00 00 00 00
04b0: 00 00 00 00 00 00 00 00 00 00 00 00 00 00 00 00
04c0: 00 00 00 00 00 00 00 00 00 00 00 00 00 00 00 00
04d0: 00 00 00 00 00 00 00 00 00 00 00 00 00 00 00 00
04e0: 00 00 00 00 00 00 00 00 00 00 00 00 00 00 00 00
04f0: 00 00 00 00 00 00 00 00 00 00 00 00 00 00 00 00
0500: 00 00 00 00 00 00 00 00 00 00 00 00 00 00 00 00
0510: 00 00 00 00 00 00 00 00 00 00 00 00 00 00 00 00
0520: 00 00 00 00 00 00 00 00 00 00 00 00 00 00 00 00
0530: 00 00 00 00 00 00 00 00 00 00 00 00 00 00 00 00
0540: 00 00 00 00 00 00 00 00 00 00 00 00 00 00 00 00
0550: 00 00 00 00 00 00 00 00 00 00 00 00 00 00 00 00
0560: 00 00 00 00 00 00 00 00 00 00 00 00 00 00 00 00
0570: 00 00 00 00 00 00 00 00 00 00 00 00 00 00 00 00
0580: 00 00 00 00 00 00 00 00 00 00 00 00 00 00 00 00
0590: 00 00 00 00 00 00 00 00 00 00 00 00 00 00 00 00
05a0: 00 00 00 00 00 00 00 00 00 00 00 00 00 00 00 00
05b0: 00 00 00 00 00 00 00 00 00 00 00 00 00 00 00 00
05c0: 00 00 00 00 00 00 00 00 00 00 00 00 00 00 00 00
05d0: 00 00 00 00 00 00 00 00 00 00 00 00 00 00 00 00
05e0: 00 00 00 00 00 00 00 00 00 00 00 00 00 00 00 00
05f0: 00 00 00 00 00 00 00 00 00 00 00 00 00 00 00 00
0600: 00 00 00 00 00 00 00 00 00 00 00 00 00 00 00 00
0610: 00 00 00 00 00 00 00 00 00 00 00 00 00 00 00 00
0620: 00 00 00 00 00 00 00 00 00 00 00 00 00 00 00 00
0630: 00 00 00 00 00 00 00 00 00 00 00 00 00 00 00 00
0640: 00 00 00 00 00 00 00 00 00 00 00 00 00 00 00 00
0650: 00 00 00 00 00 00 00 00 00 00 00 00 00 00 00 00
0660: 00 00 00 00 00 00 00 00 00 00 00 00 00 00 00 00
0670: 00 00 00 00 00 00 00 00 00 00 00 00 00 00 00 00
0680: 00 00 00 00 00 00 00 00 00 00 00 00 00 00 00 00
0690: 00 00 00 00 00 00 00 00 00 00 00 00 00 00 00 00
06a0: 00 00 00 00 00 00 00 00 00 00 00 00 00 00 00 00
06b0: 00 00 00 00 00 00 00 00 00 00 00 00 00 00 00 00
06c0: 00 00 00 00 00 00 00 00 00 00 00 00 00 00 00 00
06d0: 00 00 00 00 00 00 00 00 00 00 00 00 00 00 00 00
06e0: 00 00 00 00 00 00 00 00 00 00 00 00 00 00 00 00
06f0: 00 00 00 00 00 00 00 00 00 00 00 00 00 00 00 00
0700: 00 00 00 00 00 00 00 00 00 00 00 00 00 00 00 00
0710: 00 00 00 00 00 00 00 00 00 00 00 00 00 00 00 00
0720: 00 00 00 00 00 00 00 00 00 00 00 00 00 00 00 00
0730: 00 00 00 00 00 00 00 00 00 00 00 00 00 00 00 00
0740: 00 00 00 00 00 00 00 00 00 00 00 00 00 00 00 00
0750: 00 00 00 00 00 00 00 00 00 00 00 00 00 00 00 00
0760: 00 00 00 00 00 00 00 00 00 00 00 00 00 00 00 00
0770: 00 00 00 00 00 00 00 00 00 00 00 00 00 00 00 00
0780: 00 00 00 00 00 00 00 00 00 00 00 00 00 00 00 00
0790: 00 00 00 00 00 00 00 00 00 00 00 00 00 00 00 00
07a0: 00 00 00 00 00 00 00 00 00 00 00 00 00 00 00 00
07b0: 00 00 00 00 00 00 00 00 00 00 00 00 00 00 00 00
07c0: 00 00 00 00 00 00 00 00 00 00 00 00 00 00 00 00
07d0: 00 00 00 00 00 00 00 00 00 00 00 00 00 00 00 00
07e0: 00 00 00 00 00 00 00 00 00 00 00 00 00 00 00 00
07f0: 00 00 00 00 00 00 00 00 00 00 00 00 00 00 00 00
0800: 00 00 00 00 00 00 00 00 00 00 00 00 00 00 00 00
0810: 00 00 00 00 00 00 00 00 00 00 00 00 00 00 00 00
0820: 00 00 00 00 00 00 00 00 00 00 00 00 00 00 00 00
0830: 00 00 00 00 00 00 00 00 00 00 00 00 00 00 00 00
0840: 00 00 00 00 00 00 00 00 00 00 00 00 00 00 00 00
0850: 00 00 00 00 00 00 00 00 00 00 00 00 00 00 00 00
0860: 00 00 00 00 00 00 00 00 00 00 00 00 00 00 00 00
0870: 00 00 00 00 00 00 00 00 00 00 00 00 00 00 00 00
0880: 00 00 00 00 00 00 00 00 00 00 00 00 00 00 00 00
0890: 00 00 00 00 00 00 00 00 00 00 00 00 00 00 00 00
08a0: 00 00 00 00 00 00 00 00 00 00 00 00 00 00 00 00
08b0: 00 00 00 00 00 00 00 00 00 00 00 00 00 00 00 00
08c0: 00 00 00 00 00 00 00 00 00 00 00 00 00 00 00 00
08d0: 00 00 00 00 00 00 00 00 00 00 00 00 00 00 00 00
08e0: 00 00 00 00 00 00 00 00 00 00 00 00 00 00 00 00
08f0: 00 00 00 00 00 00 00 00 00 00 00 00 00 00 00 00
0900: 00 00 00 00 00 00 00 00 00 00 00 00 00 00 00 00
0910: 00 00 00 00 00 00 00 00 00 00 00 00 00 00 00 00
0920: 00 00 00 00 00 00 00 00 00 00 00 00 00 00 00 00
0930: 00 00 00 00 00 00 00 00 00 00 00 00 00 00 00 00
0940: 00 00 00 00 00 00 00 00 00 00 00 00 00 00 00 00
0950: 00 00 00 00 00 00 00 00 00 00 00 00 00 00 00 00
0960: 00 00 00 00 00 00 00 00 00 00 00 00 00 00 00 00
0970: 00 00 00 00 00 00 00 00 00 00 00 00 00 00 00 00
0980: 00 00 00 00 00 00 00 00 00 00 00 00 00 00 00 00
0990: 00 00 00 00 00 00 00 00 00 00 00 00 00 00 00 00
09a0: 00 00 00 00 00 00 00 00 00 00 00 00 00 00 00 00
09b0: 00 00 00 00 00 00 00 00 00 00 00 00 00 00 00 00
09c0: 00 00 00 00 00 00 00 00 00 00 00 00 00 00 00 00
09d0: 00 00 00 00 00 00 00 00 00 00 00 00 00 00 00 00
09e0: 00 00 00 00 00 00 00 00 00 00 00 00 00 00 00 00
09f0: 00 00 00 00 00 00 00 00 00 00 00 00 00 00 00 00
0a00: 00 00 00 00 00 00 00 00 00 00 00 00 00 00 00 00
0a10: 00 00 00 00 00 00 00 00 00 00 00 00 00 00 00 00
0a20: 00 00 00 00 00 00 00 00 00 00 00 00 00 00 00 00
0a30: 00 00 00 00 00 00 00 00 00 00 00 00 00 00 00 00
0a40: 00 00 00 00 00 00 00 00 00 00 00 00 00 00 00 00
0a50: 00 00 00 00 00 00 00 00 00 00 00 00 00 00 00 00
0a60: 00 00 00 00 00 00 00 00 00 00 00 00 00 00 00 00
0a70: 00 00 00 00 00 00 00 00 00 00 00 00 00 00 00 00
0a80: 00 00 00 00 00 00 00 00 00 00 00 00 00 00 00 00
0a90: 00 00 00 00 00 00 00 00 00 00 00 00 00 00 00 00
0aa0: 00 00 00 00 00 00 00 00 00 00 00 00 00 00 00 00
0ab0: 00 00 00 00 00 00 00 00 00 00 00 00 00 00 00 00
0ac0: 00 00 00 00 00 00 00 00 00 00 00 00 00 00 00 00
0ad0: 00 00 00 00 00 00 00 00 00 00 00 00 00 00 00 00
0ae0: 00 00 00 00 00 00 00 00 00 00 00 00 00 00 00 00
0af0: 00 00 00 00 00 00 00 00 00 00 00 00 00 00 00 00
0b00: 00 00 00 00 00 00 00 00 00 00 00 00 00 00 00 00
0b10: 00 00 00 00 00 00 00 00 00 00 00 00 00 00 00 00
0b20: 00 00 00 00 00 00 00 00 00 00 00 00 00 00 00 00
0b30: 00 00 00 00 00 00 00 00 00 00 00 00 00 00 00 00
0b40: 00 00 00 00 00 00 00 00 00 00 00 00 00 00 00 00
0b50: 00 00 00 00 00 00 00 00 00 00 00 00 00 00 00 00
0b60: 00 00 00 00 00 00 00 00 00 00 00 00 00 00 00 00
0b70: 00 00 00 00 00 00 00 00 00 00 00 00 00 00 00 00
0b80: 00 00 00 00 00 00 00 00 00 00 00 00 00 00 00 00
0b90: 00 00 00 00 00 00 00 00 00 00 00 00 00 00 00 00
0ba0: 00 00 00 00 00 00 00 00 00 00 00 00 00 00 00 00
0bb0: 00 00 00 00 00 00 00 00 00 00 00 00 00 00 00 00
0bc0: 00 00 00 00 00 00 00 00 00 00 00 00 00 00 00 00
0bd0: 00 00 00 00 00 00 00 00 00 00 00 00 00 00 00 00
0be0: 00 00 00 00 00 00 00 00 00 00 00 00 00 00 00 00
0bf0: 00 00 00 00 00 00 00 00 00 00 00 00 00 00 00 00
0c00: 00 00 00 00 00 00 00 00 00 00 00 00 00 00 00 00
0c10: 00 00 00 00 00 00 00 00 00 00 00 00 00 00 00 00
0c20: 00 00 00 00 00 00 00 00 00 00 00 00 00 00 00 00
0c30: 00 00 00 00 00 00 00 00 00 00 00 00 00 00 00 00
0c40: 00 00 00 00 00 00 00 00 00 00 00 00 00 00 00 00
0c50: 00 00 00 00 00 00 00 00 00 00 00 00 00 00 00 00
0c60: 00 00 00 00 00 00 00 00 00 00 00 00 00 00 00 00
0c70: 00 00 00 00 00 00 00 00 00 00 00 00 00 00 00 00
0c80: 00 00 00 00 00 00 00 00 00 00 00 00 00 00 00 00
0c90: 00 00 00 00 00 00 00 00 00 00 00 00 00 00 00 00
0ca0: 00 00 00 00 00 00 00 00 00 00 00 00 00 00 00 00
0cb0: 00 00 00 00 00 00 00 00 00 00 00 00 00 00 00 00
0cc0: 00 00 00 00 00 00 00 00 00 00 00 00 00 00 00 00
0cd0: 00 00 00 00 00 00 00 00 00 00 00 00 00 00 00 00
0ce0: 00 00 00 00 00 00 00 00 00 00 00 00 00 00 00 00
0cf0: 00 00 00 00 00 00 00 00 00 00 00 00 00 00 00 00
0d00: 00 00 00 00 00 00 00 00 00 00 00 00 00 00 00 00
0d10: 00 00 00 00 00 00 00 00 00 00 00 00 00 00 00 00
0d20: 00 00 00 00 00 00 00 00 00 00 00 00 00 00 00 00
0d30: 00 00 00 00 00 00 00 00 00 00 00 00 00 00 00 00
0d40: 00 00 00 00 00 00 00 00 00 00 00 00 00 00 00 00
0d50: 00 00 00 00 00 00 00 00 00 00 00 00 00 00 00 00
0d60: 00 00 00 00 00 00 00 00 00 00 00 00 00 00 00 00
0d70: 00 00 00 00 00 00 00 00 00 00 00 00 00 00 00 00
0d80: 00 00 00 00 00 00 00 00 00 00 00 00 00 00 00 00
0d90: 00 00 00 00 00 00 00 00 00 00 00 00 00 00 00 00
0da0: 00 00 00 00 00 00 00 00 00 00 00 00 00 00 00 00
0db0: 00 00 00 00 00 00 00 00 00 00 00 00 00 00 00 00
0dc0: 00 00 00 00 00 00 00 00 00 00 00 00 00 00 00 00
0dd0: 00 00 00 00 00 00 00 00 00 00 00 00 00 00 00 00
0de0: 00 00 00 00 00 00 00 00 00 00 00 00 00 00 00 00
0df0: 00 00 00 00 00 00 00 00 00 00 00 00 00 00 00 00
0e00: 00 00 00 00 00 00 00 00 00 00 00 00 00 00 00 00
0e10: 00 00 00 00 00 00 00 00 00 00 00 00 00 00 00 00
0e20: 00 00 00 00 00 00 00 00 00 00 00 00 00 00 00 00
0e30: 00 00 00 00 00 00 00 00 00 00 00 00 00 00 00 00
0e40: 00 00 00 00 00 00 00 00 00 00 00 00 00 00 00 00
0e50: 00 00 00 00 00 00 00 00 00 00 00 00 00 00 00 00
0e60: 00 00 00 00 00 00 00 00 00 00 00 00 00 00 00 00
0e70: 00 00 00 00 00 00 00 00 00 00 00 00 00 00 00 00
0e80: 00 00 00 00 00 00 00 00 00 00 00 00 00 00 00 00
0e90: 00 00 00 00 00 00 00 00 00 00 00 00 00 00 00 00
0ea0: 00 00 00 00 00 00 00 00 00 00 00 00 00 00 00 00
0eb0: 00 00 00 00 00 00 00 00 00 00 00 00 00 00 00 00
0ec0: 00 00 00 00 00 00 00 00 00 00 00 00 00 00 00 00
0ed0: 00 00 00 00 00 00 00 00 00 00 00 00 00 00 00 00
0ee0: 00 00 00 00 00 00 00 00 00 00 00 00 00 00 00 00
0ef0: 00 00 00 00 00 00 00 00 00 00 00 00 00 00 00 00
0f00: 00 00 00 00 00 00 00 00 00 00 00 00 00 00 00 00
0f10: 00 00 00 00 00 00 00 00 00 00 00 00 00 00 00 00
0f20: 00 00 00 00 00 00 00 00 00 00 00 00 00 00 00 00
0f30: 00 00 00 00 00 00 00 00 00 00 00 00 00 00 00 00
0f40: 00 00 00 00 00 00 00 00 00 00 00 00 00 00 00 00
0f50: 00 00 00 00 00 00 00 00 00 00 00 00 00 00 00 00
0f60: 00 00 00 00 00 00 00 00 00 00 00 00 00 00 00 00
0f70: 00 00 00 00 00 00 00 00 00 00 00 00 00 00 00 00
0f80: 00 00 00 00 00 00 00 00 00 00 00 00 00 00 00 00
0f90: 00 00 00 00 00 00 00 00 00 00 00 00 00 00 00 00
0fa0: 00 00 00 00 00 00 00 00 00 00 00 00 00 00 00 00
0fb0: 00 00 00 00 00 00 00 00 00 00 00 00 00 00 00 00
0fc0: 00 00 00 00 00 00 00 00 00 00 00 00 00 00 00 00
0fd0: 00 00 00 00 00 00 00 00 00 00 00 00 00 00 00 00
0fe0: 00 00 00 00 00 00 00 00 00 00 00 00 00 00 00 00
0ff0: 00 00 00 00 00 00 00 00 00 00 00 00 00 00 00 00

PCIe 00:1f.2 extended config space:
0000: 86 80 21 9d 06 00 00 00 21 00 80 05 00 00 80 00
0010: 00 40 12 b1 00 00 00 00 00 00 00 00 00 00 00 00
0020: 00 00 00 00 00 00 00 00 00 00 00 00 aa 17 44 38
0030: 00 00 00 00 00 00 00 00 00 00 00 00 00 00 00 00
0040: 01 18 00 00 80 01 00 00 00 00 00 fe 00 00 00 00
0050: 00 00 00 00 00 00 00 00 00 00 00 00 00 00 00 00
0060: 00 00 00 00 00 00 00 00 00 00 00 00 00 00 00 00
0070: 00 00 00 00 00 00 00 00 00 00 00 00 00 00 00 00
0080: 00 00 00 00 00 00 00 00 00 00 00 00 00 00 00 00
0090: 00 00 00 00 00 00 00 00 00 00 00 00 00 00 00 00
00a0: f0 36 80 d8 09 7c 07 00 00 46 00 00 00 00 00 01
00b0: 00 00 00 00 00 00 00 00 00 00 00 00 00 00 00 00
00c0: 00 00 00 00 00 00 00 00 00 00 00 00 00 00 00 00
00d0: 00 00 00 00 00 00 00 00 00 00 00 00 00 00 00 00
00e0: 00 00 00 00 00 00 00 00 00 00 00 00 00 00 00 00
00f0: 00 00 00 00 00 00 00 00 b3 0f 40 08 00 00 00 00
0100: 00 00 00 00 00 00 00 00 00 00 00 00 00 00 00 00
0110: 00 00 00 00 00 00 00 00 00 00 00 00 00 00 00 00
0120: 00 00 00 00 00 00 00 00 00 00 00 00 00 00 00 00
0130: 00 00 00 00 00 00 00 00 00 00 00 00 00 00 00 00
0140: 00 00 00 00 00 00 00 00 00 00 00 00 00 00 00 00
0150: 00 00 00 00 00 00 00 00 00 00 00 00 00 00 00 00
0160: 00 00 00 00 00 00 00 00 00 00 00 00 00 00 00 00
0170: 00 00 00 00 00 00 00 00 00 00 00 00 00 00 00 00
0180: 00 00 00 00 00 00 00 00 00 00 00 00 00 00 00 00
0190: 00 00 00 00 00 00 00 00 00 00 00 00 00 00 00 00
01a0: 00 00 00 00 00 00 00 00 00 00 00 00 00 00 00 00
01b0: 00 00 00 00 00 00 00 00 00 00 00 00 00 00 00 00
01c0: 00 00 00 00 00 00 00 00 00 00 00 00 00 00 00 00
01d0: 00 00 00 00 00 00 00 00 00 00 00 00 00 00 00 00
01e0: 00 00 00 00 00 00 00 00 00 00 00 00 00 00 00 00
01f0: 00 00 00 00 00 00 00 00 00 00 00 00 00 00 00 00
0200: 00 00 00 00 00 00 00 00 00 00 00 00 00 00 00 00
0210: 00 00 00 00 00 00 00 00 00 00 00 00 00 00 00 00
0220: 00 00 00 00 00 00 00 00 00 00 00 00 00 00 00 00
0230: 00 00 00 00 00 00 00 00 00 00 00 00 00 00 00 00
0240: 00 00 00 00 00 00 00 00 00 00 00 00 00 00 00 00
0250: 00 00 00 00 00 00 00 00 00 00 00 00 00 00 00 00
0260: 00 00 00 00 00 00 00 00 00 00 00 00 00 00 00 00
0270: 00 00 00 00 00 00 00 00 00 00 00 00 00 00 00 00
0280: 00 00 00 00 00 00 00 00 00 00 00 00 00 00 00 00
0290: 00 00 00 00 00 00 00 00 00 00 00 00 00 00 00 00
02a0: 00 00 00 00 00 00 00 00 00 00 00 00 00 00 00 00
02b0: 00 00 00 00 00 00 00 00 00 00 00 00 00 00 00 00
02c0: 00 00 00 00 00 00 00 00 00 00 00 00 00 00 00 00
02d0: 00 00 00 00 00 00 00 00 00 00 00 00 00 00 00 00
02e0: 00 00 00 00 00 00 00 00 00 00 00 00 00 00 00 00
02f0: 00 00 00 00 00 00 00 00 00 00 00 00 00 00 00 00
0300: 00 00 00 00 00 00 00 00 00 00 00 00 00 00 00 00
0310: 00 00 00 00 00 00 00 00 00 00 00 00 00 00 00 00
0320: 00 00 00 00 00 00 00 00 00 00 00 00 00 00 00 00
0330: 00 00 00 00 00 00 00 00 00 00 00 00 00 00 00 00
0340: 00 00 00 00 00 00 00 00 00 00 00 00 00 00 00 00
0350: 00 00 00 00 00 00 00 00 00 00 00 00 00 00 00 00
0360: 00 00 00 00 00 00 00 00 00 00 00 00 00 00 00 00
0370: 00 00 00 00 00 00 00 00 00 00 00 00 00 00 00 00
0380: 00 00 00 00 00 00 00 00 00 00 00 00 00 00 00 00
0390: 00 00 00 00 00 00 00 00 00 00 00 00 00 00 00 00
03a0: 00 00 00 00 00 00 00 00 00 00 00 00 00 00 00 00
03b0: 00 00 00 00 00 00 00 00 00 00 00 00 00 00 00 00
03c0: 00 00 00 00 00 00 00 00 00 00 00 00 00 00 00 00
03d0: 00 00 00 00 00 00 00 00 00 00 00 00 00 00 00 00
03e0: 00 00 00 00 00 00 00 00 00 00 00 00 00 00 00 00
03f0: 00 00 00 00 00 00 00 00 00 00 00 00 00 00 00 00
0400: 00 00 00 00 00 00 00 00 00 00 00 00 00 00 00 00
0410: 00 00 00 00 00 00 00 00 00 00 00 00 00 00 00 00
0420: 00 00 00 00 00 00 00 00 00 00 00 00 00 00 00 00
0430: 00 00 00 00 00 00 00 00 00 00 00 00 00 00 00 00
0440: 00 00 00 00 00 00 00 00 00 00 00 00 00 00 00 00
0450: 00 00 00 00 00 00 00 00 00 00 00 00 00 00 00 00
0460: 00 00 00 00 00 00 00 00 00 00 00 00 00 00 00 00
0470: 00 00 00 00 00 00 00 00 00 00 00 00 00 00 00 00
0480: 00 00 00 00 00 00 00 00 00 00 00 00 00 00 00 00
0490: 00 00 00 00 00 00 00 00 00 00 00 00 00 00 00 00
04a0: 00 00 00 00 00 00 00 00 00 00 00 00 00 00 00 00
04b0: 00 00 00 00 00 00 00 00 00 00 00 00 00 00 00 00
04c0: 00 00 00 00 00 00 00 00 00 00 00 00 00 00 00 00
04d0: 00 00 00 00 00 00 00 00 00 00 00 00 00 00 00 00
04e0: 00 00 00 00 00 00 00 00 00 00 00 00 00 00 00 00
04f0: 00 00 00 00 00 00 00 00 00 00 00 00 00 00 00 00
0500: 00 00 00 00 00 00 00 00 00 00 00 00 00 00 00 00
0510: 00 00 00 00 00 00 00 00 00 00 00 00 00 00 00 00
0520: 00 00 00 00 00 00 00 00 00 00 00 00 00 00 00 00
0530: 00 00 00 00 00 00 00 00 00 00 00 00 00 00 00 00
0540: 00 00 00 00 00 00 00 00 00 00 00 00 00 00 00 00
0550: 00 00 00 00 00 00 00 00 00 00 00 00 00 00 00 00
0560: 00 00 00 00 00 00 00 00 00 00 00 00 00 00 00 00
0570: 00 00 00 00 00 00 00 00 00 00 00 00 00 00 00 00
0580: 00 00 00 00 00 00 00 00 00 00 00 00 00 00 00 00
0590: 00 00 00 00 00 00 00 00 00 00 00 00 00 00 00 00
05a0: 00 00 00 00 00 00 00 00 00 00 00 00 00 00 00 00
05b0: 00 00 00 00 00 00 00 00 00 00 00 00 00 00 00 00
05c0: 00 00 00 00 00 00 00 00 00 00 00 00 00 00 00 00
05d0: 00 00 00 00 00 00 00 00 00 00 00 00 00 00 00 00
05e0: 00 00 00 00 00 00 00 00 00 00 00 00 00 00 00 00
05f0: 00 00 00 00 00 00 00 00 00 00 00 00 00 00 00 00
0600: 00 00 00 00 00 00 00 00 00 00 00 00 00 00 00 00
0610: 00 00 00 00 00 00 00 00 00 00 00 00 00 00 00 00
0620: 00 00 00 00 00 00 00 00 00 00 00 00 00 00 00 00
0630: 00 00 00 00 00 00 00 00 00 00 00 00 00 00 00 00
0640: 00 00 00 00 00 00 00 00 00 00 00 00 00 00 00 00
0650: 00 00 00 00 00 00 00 00 00 00 00 00 00 00 00 00
0660: 00 00 00 00 00 00 00 00 00 00 00 00 00 00 00 00
0670: 00 00 00 00 00 00 00 00 00 00 00 00 00 00 00 00
0680: 00 00 00 00 00 00 00 00 00 00 00 00 00 00 00 00
0690: 00 00 00 00 00 00 00 00 00 00 00 00 00 00 00 00
06a0: 00 00 00 00 00 00 00 00 00 00 00 00 00 00 00 00
06b0: 00 00 00 00 00 00 00 00 00 00 00 00 00 00 00 00
06c0: 00 00 00 00 00 00 00 00 00 00 00 00 00 00 00 00
06d0: 00 00 00 00 00 00 00 00 00 00 00 00 00 00 00 00
06e0: 00 00 00 00 00 00 00 00 00 00 00 00 00 00 00 00
06f0: 00 00 00 00 00 00 00 00 00 00 00 00 00 00 00 00
0700: 00 00 00 00 00 00 00 00 00 00 00 00 00 00 00 00
0710: 00 00 00 00 00 00 00 00 00 00 00 00 00 00 00 00
0720: 00 00 00 00 00 00 00 00 00 00 00 00 00 00 00 00
0730: 00 00 00 00 00 00 00 00 00 00 00 00 00 00 00 00
0740: 00 00 00 00 00 00 00 00 00 00 00 00 00 00 00 00
0750: 00 00 00 00 00 00 00 00 00 00 00 00 00 00 00 00
0760: 00 00 00 00 00 00 00 00 00 00 00 00 00 00 00 00
0770: 00 00 00 00 00 00 00 00 00 00 00 00 00 00 00 00
0780: 00 00 00 00 00 00 00 00 00 00 00 00 00 00 00 00
0790: 00 00 00 00 00 00 00 00 00 00 00 00 00 00 00 00
07a0: 00 00 00 00 00 00 00 00 00 00 00 00 00 00 00 00
07b0: 00 00 00 00 00 00 00 00 00 00 00 00 00 00 00 00
07c0: 00 00 00 00 00 00 00 00 00 00 00 00 00 00 00 00
07d0: 00 00 00 00 00 00 00 00 00 00 00 00 00 00 00 00
07e0: 00 00 00 00 00 00 00 00 00 00 00 00 00 00 00 00
07f0: 00 00 00 00 00 00 00 00 00 00 00 00 00 00 00 00
0800: 00 00 00 00 00 00 00 00 00 00 00 00 00 00 00 00
0810: 00 00 00 00 00 00 00 00 00 00 00 00 00 00 00 00
0820: 00 00 00 00 00 00 00 00 00 00 00 00 00 00 00 00
0830: 00 00 00 00 00 00 00 00 00 00 00 00 00 00 00 00
0840: 00 00 00 00 00 00 00 00 00 00 00 00 00 00 00 00
0850: 00 00 00 00 00 00 00 00 00 00 00 00 00 00 00 00
0860: 00 00 00 00 00 00 00 00 00 00 00 00 00 00 00 00
0870: 00 00 00 00 00 00 00 00 00 00 00 00 00 00 00 00
0880: 00 00 00 00 00 00 00 00 00 00 00 00 00 00 00 00
0890: 00 00 00 00 00 00 00 00 00 00 00 00 00 00 00 00
08a0: 00 00 00 00 00 00 00 00 00 00 00 00 00 00 00 00
08b0: 00 00 00 00 00 00 00 00 00 00 00 00 00 00 00 00
08c0: 00 00 00 00 00 00 00 00 00 00 00 00 00 00 00 00
08d0: 00 00 00 00 00 00 00 00 00 00 00 00 00 00 00 00
08e0: 00 00 00 00 00 00 00 00 00 00 00 00 00 00 00 00
08f0: 00 00 00 00 00 00 00 00 00 00 00 00 00 00 00 00
0900: 00 00 00 00 00 00 00 00 00 00 00 00 00 00 00 00
0910: 00 00 00 00 00 00 00 00 00 00 00 00 00 00 00 00
0920: 00 00 00 00 00 00 00 00 00 00 00 00 00 00 00 00
0930: 00 00 00 00 00 00 00 00 00 00 00 00 00 00 00 00
0940: 00 00 00 00 00 00 00 00 00 00 00 00 00 00 00 00
0950: 00 00 00 00 00 00 00 00 00 00 00 00 00 00 00 00
0960: 00 00 00 00 00 00 00 00 00 00 00 00 00 00 00 00
0970: 00 00 00 00 00 00 00 00 00 00 00 00 00 00 00 00
0980: 00 00 00 00 00 00 00 00 00 00 00 00 00 00 00 00
0990: 00 00 00 00 00 00 00 00 00 00 00 00 00 00 00 00
09a0: 00 00 00 00 00 00 00 00 00 00 00 00 00 00 00 00
09b0: 00 00 00 00 00 00 00 00 00 00 00 00 00 00 00 00
09c0: 00 00 00 00 00 00 00 00 00 00 00 00 00 00 00 00
09d0: 00 00 00 00 00 00 00 00 00 00 00 00 00 00 00 00
09e0: 00 00 00 00 00 00 00 00 00 00 00 00 00 00 00 00
09f0: 00 00 00 00 00 00 00 00 00 00 00 00 00 00 00 00
0a00: 00 00 00 00 00 00 00 00 00 00 00 00 00 00 00 00
0a10: 00 00 00 00 00 00 00 00 00 00 00 00 00 00 00 00
0a20: 00 00 00 00 00 00 00 00 00 00 00 00 00 00 00 00
0a30: 00 00 00 00 00 00 00 00 00 00 00 00 00 00 00 00
0a40: 00 00 00 00 00 00 00 00 00 00 00 00 00 00 00 00
0a50: 00 00 00 00 00 00 00 00 00 00 00 00 00 00 00 00
0a60: 00 00 00 00 00 00 00 00 00 00 00 00 00 00 00 00
0a70: 00 00 00 00 00 00 00 00 00 00 00 00 00 00 00 00
0a80: 00 00 00 00 00 00 00 00 00 00 00 00 00 00 00 00
0a90: 00 00 00 00 00 00 00 00 00 00 00 00 00 00 00 00
0aa0: 00 00 00 00 00 00 00 00 00 00 00 00 00 00 00 00
0ab0: 00 00 00 00 00 00 00 00 00 00 00 00 00 00 00 00
0ac0: 00 00 00 00 00 00 00 00 00 00 00 00 00 00 00 00
0ad0: 00 00 00 00 00 00 00 00 00 00 00 00 00 00 00 00
0ae0: 00 00 00 00 00 00 00 00 00 00 00 00 00 00 00 00
0af0: 00 00 00 00 00 00 00 00 00 00 00 00 00 00 00 00
0b00: 00 00 00 00 00 00 00 00 00 00 00 00 00 00 00 00
0b10: 00 00 00 00 00 00 00 00 00 00 00 00 00 00 00 00
0b20: 00 00 00 00 00 00 00 00 00 00 00 00 00 00 00 00
0b30: 00 00 00 00 00 00 00 00 00 00 00 00 00 00 00 00
0b40: 00 00 00 00 00 00 00 00 00 00 00 00 00 00 00 00
0b50: 00 00 00 00 00 00 00 00 00 00 00 00 00 00 00 00
0b60: 00 00 00 00 00 00 00 00 00 00 00 00 00 00 00 00
0b70: 00 00 00 00 00 00 00 00 00 00 00 00 00 00 00 00
0b80: 00 00 00 00 00 00 00 00 00 00 00 00 00 00 00 00
0b90: 00 00 00 00 00 00 00 00 00 00 00 00 00 00 00 00
0ba0: 00 00 00 00 00 00 00 00 00 00 00 00 00 00 00 00
0bb0: 00 00 00 00 00 00 00 00 00 00 00 00 00 00 00 00
0bc0: 00 00 00 00 00 00 00 00 00 00 00 00 00 00 00 00
0bd0: 00 00 00 00 00 00 00 00 00 00 00 00 00 00 00 00
0be0: 00 00 00 00 00 00 00 00 00 00 00 00 00 00 00 00
0bf0: 00 00 00 00 00 00 00 00 00 00 00 00 00 00 00 00
0c00: 00 00 00 00 00 00 00 00 00 00 00 00 00 00 00 00
0c10: 00 00 00 00 00 00 00 00 00 00 00 00 00 00 00 00
0c20: 00 00 00 00 00 00 00 00 00 00 00 00 00 00 00 00
0c30: 00 00 00 00 00 00 00 00 00 00 00 00 00 00 00 00
0c40: 00 00 00 00 00 00 00 00 00 00 00 00 00 00 00 00
0c50: 00 00 00 00 00 00 00 00 00 00 00 00 00 00 00 00
0c60: 00 00 00 00 00 00 00 00 00 00 00 00 00 00 00 00
0c70: 00 00 00 00 00 00 00 00 00 00 00 00 00 00 00 00
0c80: 00 00 00 00 00 00 00 00 00 00 00 00 00 00 00 00
0c90: 00 00 00 00 00 00 00 00 00 00 00 00 00 00 00 00
0ca0: 00 00 00 00 00 00 00 00 00 00 00 00 00 00 00 00
0cb0: 00 00 00 00 00 00 00 00 00 00 00 00 00 00 00 00
0cc0: 00 00 00 00 00 00 00 00 00 00 00 00 00 00 00 00
0cd0: 00 00 00 00 00 00 00 00 00 00 00 00 00 00 00 00
0ce0: 00 00 00 00 00 00 00 00 00 00 00 00 00 00 00 00
0cf0: 00 00 00 00 00 00 00 00 00 00 00 00 00 00 00 00
0d00: 00 00 00 00 00 00 00 00 00 00 00 00 00 00 00 00
0d10: 00 00 00 00 00 00 00 00 00 00 00 00 00 00 00 00
0d20: 00 00 00 00 00 00 00 00 00 00 00 00 00 00 00 00
0d30: 00 00 00 00 00 00 00 00 00 00 00 00 00 00 00 00
0d40: 00 00 00 00 00 00 00 00 00 00 00 00 00 00 00 00
0d50: 00 00 00 00 00 00 00 00 00 00 00 00 00 00 00 00
0d60: 00 00 00 00 00 00 00 00 00 00 00 00 00 00 00 00
0d70: 00 00 00 00 00 00 00 00 00 00 00 00 00 00 00 00
0d80: 00 00 00 00 00 00 00 00 00 00 00 00 00 00 00 00
0d90: 00 00 00 00 00 00 00 00 00 00 00 00 00 00 00 00
0da0: 00 00 00 00 00 00 00 00 00 00 00 00 00 00 00 00
0db0: 00 00 00 00 00 00 00 00 00 00 00 00 00 00 00 00
0dc0: 00 00 00 00 00 00 00 00 00 00 00 00 00 00 00 00
0dd0: 00 00 00 00 00 00 00 00 00 00 00 00 00 00 00 00
0de0: 00 00 00 00 00 00 00 00 00 00 00 00 00 00 00 00
0df0: 00 00 00 00 00 00 00 00 00 00 00 00 00 00 00 00
0e00: 00 00 00 00 00 00 00 00 00 00 00 00 00 00 00 00
0e10: 00 00 00 00 00 00 00 00 00 00 00 00 00 00 00 00
0e20: 00 00 00 00 00 00 00 00 00 00 00 00 00 00 00 00
0e30: 00 00 00 00 00 00 00 00 00 00 00 00 00 00 00 00
0e40: 00 00 00 00 00 00 00 00 00 00 00 00 00 00 00 00
0e50: 00 00 00 00 00 00 00 00 00 00 00 00 00 00 00 00
0e60: 00 00 00 00 00 00 00 00 00 00 00 00 00 00 00 00
0e70: 00 00 00 00 00 00 00 00 00 00 00 00 00 00 00 00
0e80: 00 00 00 00 00 00 00 00 00 00 00 00 00 00 00 00
0e90: 00 00 00 00 00 00 00 00 00 00 00 00 00 00 00 00
0ea0: 00 00 00 00 00 00 00 00 00 00 00 00 00 00 00 00
0eb0: 00 00 00 00 00 00 00 00 00 00 00 00 00 00 00 00
0ec0: 00 00 00 00 00 00 00 00 00 00 00 00 00 00 00 00
0ed0: 00 00 00 00 00 00 00 00 00 00 00 00 00 00 00 00
0ee0: 00 00 00 00 00 00 00 00 00 00 00 00 00 00 00 00
0ef0: 00 00 00 00 00 00 00 00 00 00 00 00 00 00 00 00
0f00: 00 00 00 00 00 00 00 00 00 00 00 00 00 00 00 00
0f10: 00 00 00 00 00 00 00 00 00 00 00 00 00 00 00 00
0f20: 00 00 00 00 00 00 00 00 00 00 00 00 00 00 00 00
0f30: 00 00 00 00 00 00 00 00 00 00 00 00 00 00 00 00
0f40: 00 00 00 00 00 00 00 00 00 00 00 00 00 00 00 00
0f50: 00 00 00 00 00 00 00 00 00 00 00 00 00 00 00 00
0f60: 00 00 00 00 00 00 00 00 00 00 00 00 00 00 00 00
0f70: 00 00 00 00 00 00 00 00 00 00 00 00 00 00 00 00
0f80: 00 00 00 00 00 00 00 00 00 00 00 00 00 00 00 00
0f90: 00 00 00 00 00 00 00 00 00 00 00 00 00 00 00 00
0fa0: 00 00 00 00 00 00 00 00 00 00 00 00 00 00 00 00
0fb0: 00 00 00 00 00 00 00 00 00 00 00 00 00 00 00 00
0fc0: 00 00 00 00 00 00 00 00 00 00 00 00 00 00 00 00
0fd0: 00 00 00 00 00 00 00 00 00 00 00 00 00 00 00 00
0fe0: 00 00 00 00 00 00 00 00 00 00 00 00 00 00 00 00
0ff0: 00 00 00 00 00 00 00 00 00 00 00 00 00 00 00 00

PCIe 00:1f.4 extended config space:
0000: 86 80 23 9d 03 00 80 02 21 00 05 0c 00 00 00 00
0010: 04 d0 12 b1 00 00 00 00 00 00 00 00 00 00 00 00
0020: 41 40 00 00 00 00 00 00 00 00 00 00 aa 17 42 38
0030: 00 00 00 00 00 00 00 00 00 00 00 00 ff 01 00 00
0040: 11 00 00 00 00 00 00 00 00 00 00 00 00 00 00 00
0050: 01 04 00 00 00 01 00 00 00 00 00 00 00 00 00 00
0060: 04 05 05 00 00 00 0a 0a 00 00 00 00 00 00 00 00
0070: 00 00 00 00 00 00 00 00 00 00 00 00 00 00 00 00
0080: 24 00 04 00 00 00 00 00 00 00 00 00 00 00 00 00
0090: 00 00 00 00 00 00 00 00 00 00 00 00 00 00 00 00
00a0: 00 00 00 00 00 00 00 00 00 00 00 00 00 00 00 00
00b0: 00 00 00 00 00 00 00 00 00 00 00 00 00 00 00 00
00c0: 00 00 00 00 00 00 00 00 00 00 00 00 00 00 00 00
00d0: 00 00 00 00 00 00 00 00 00 00 00 00 00 00 00 00
00e0: 00 00 00 00 00 00 00 00 00 00 00 00 00 00 00 00
00f0: 00 00 00 00 00 00 00 00 b3 0f 40 08 00 00 00 00
0100: 86 80 23 9d 03 00 80 02 21 00 05 0c 00 00 00 00
0110: 04 d0 12 b1 00 00 00 00 00 00 00 00 00 00 00 00
0120: 41 40 00 00 00 00 00 00 00 00 00 00 aa 17 42 38
0130: 00 00 00 00 00 00 00 00 00 00 00 00 ff 01 00 00
0140: 11 00 00 00 00 00 00 00 00 00 00 00 00 00 00 00
0150: 01 04 00 00 00 01 00 00 00 00 00 00 00 00 00 00
0160: 00 00 00 00 00 00 00 00 00 00 00 00 00 00 00 00
0170: 00 00 00 00 00 00 00 00 00 00 00 00 00 00 00 00
0180: 00 00 00 00 00 00 00 00 00 00 00 00 00 00 00 00
0190: 00 00 00 00 00 00 00 00 00 00 00 00 00 00 00 00
01a0: 00 00 00 00 00 00 00 00 00 00 00 00 00 00 00 00
01b0: 00 00 00 00 00 00 00 00 00 00 00 00 00 00 00 00
01c0: 00 00 00 00 00 00 00 00 00 00 00 00 00 00 00 00
01d0: 00 00 00 00 00 00 00 00 00 00 00 00 00 00 00 00
01e0: 00 00 00 00 00 00 00 00 00 00 00 00 00 00 00 00
01f0: 00 00 00 00 00 00 00 00 b3 0f 40 08 00 00 00 00
0200: 86 80 23 9d 03 00 80 02 21 00 05 0c 00 00 00 00
0210: 04 d0 12 b1 00 00 00 00 00 00 00 00 00 00 00 00
0220: 41 40 00 00 00 00 00 00 00 00 00 00 aa 17 42 38
0230: 00 00 00 00 00 00 00 00 00 00 00 00 ff 01 00 00
0240: 11 00 00 00 00 00 00 00 00 00 00 00 00 00 00 00
0250: 01 04 00 00 00 01 00 00 00 00 00 00 00 00 00 00
0260: 00 00 00 00 00 00 00 00 00 00 00 00 00 00 00 00
0270: 00 00 00 00 00 00 00 00 00 00 00 00 00 00 00 00
0280: 00 00 00 00 00 00 00 00 00 00 00 00 00 00 00 00
0290: 00 00 00 00 00 00 00 00 00 00 00 00 00 00 00 00
02a0: 00 00 00 00 00 00 00 00 00 00 00 00 00 00 00 00
02b0: 00 00 00 00 00 00 00 00 00 00 00 00 00 00 00 00
02c0: 00 00 00 00 00 00 00 00 00 00 00 00 00 00 00 00
02d0: 00 00 00 00 00 00 00 00 00 00 00 00 00 00 00 00
02e0: 00 00 00 00 00 00 00 00 00 00 00 00 00 00 00 00
02f0: 00 00 00 00 00 00 00 00 b3 0f 40 08 00 00 00 00
0300: 86 80 23 9d 03 00 80 02 21 00 05 0c 00 00 00 00
0310: 04 d0 12 b1 00 00 00 00 00 00 00 00 00 00 00 00
0320: 41 40 00 00 00 00 00 00 00 00 00 00 aa 17 42 38
0330: 00 00 00 00 00 00 00 00 00 00 00 00 ff 01 00 00
0340: 11 00 00 00 00 00 00 00 00 00 00 00 00 00 00 00
0350: 01 04 00 00 00 01 00 00 00 00 00 00 00 00 00 00
0360: 00 00 00 00 00 00 00 00 00 00 00 00 00 00 00 00
0370: 00 00 00 00 00 00 00 00 00 00 00 00 00 00 00 00
0380: 00 00 00 00 00 00 00 00 00 00 00 00 00 00 00 00
0390: 00 00 00 00 00 00 00 00 00 00 00 00 00 00 00 00
03a0: 00 00 00 00 00 00 00 00 00 00 00 00 00 00 00 00
03b0: 00 00 00 00 00 00 00 00 00 00 00 00 00 00 00 00
03c0: 00 00 00 00 00 00 00 00 00 00 00 00 00 00 00 00
03d0: 00 00 00 00 00 00 00 00 00 00 00 00 00 00 00 00
03e0: 00 00 00 00 00 00 00 00 00 00 00 00 00 00 00 00
03f0: 00 00 00 00 00 00 00 00 b3 0f 40 08 00 00 00 00
0400: 86 80 23 9d 03 00 80 02 21 00 05 0c 00 00 00 00
0410: 04 d0 12 b1 00 00 00 00 00 00 00 00 00 00 00 00
0420: 41 40 00 00 00 00 00 00 00 00 00 00 aa 17 42 38
0430: 00 00 00 00 00 00 00 00 00 00 00 00 ff 01 00 00
0440: 11 00 00 00 00 00 00 00 00 00 00 00 00 00 00 00
0450: 01 04 00 00 00 01 00 00 00 00 00 00 00 00 00 00
0460: 00 00 00 00 00 00 00 00 00 00 00 00 00 00 00 00
0470: 00 00 00 00 00 00 00 00 00 00 00 00 00 00 00 00
0480: 00 00 00 00 00 00 00 00 00 00 00 00 00 00 00 00
0490: 00 00 00 00 00 00 00 00 00 00 00 00 00 00 00 00
04a0: 00 00 00 00 00 00 00 00 00 00 00 00 00 00 00 00
04b0: 00 00 00 00 00 00 00 00 00 00 00 00 00 00 00 00
04c0: 00 00 00 00 00 00 00 00 00 00 00 00 00 00 00 00
04d0: 00 00 00 00 00 00 00 00 00 00 00 00 00 00 00 00
04e0: 00 00 00 00 00 00 00 00 00 00 00 00 00 00 00 00
04f0: 00 00 00 00 00 00 00 00 b3 0f 40 08 00 00 00 00
0500: 86 80 23 9d 03 00 80 02 21 00 05 0c 00 00 00 00
0510: 04 d0 12 b1 00 00 00 00 00 00 00 00 00 00 00 00
0520: 41 40 00 00 00 00 00 00 00 00 00 00 aa 17 42 38
0530: 00 00 00 00 00 00 00 00 00 00 00 00 ff 01 00 00
0540: 11 00 00 00 00 00 00 00 00 00 00 00 00 00 00 00
0550: 01 04 00 00 00 01 00 00 00 00 00 00 00 00 00 00
0560: 00 00 00 00 00 00 00 00 00 00 00 00 00 00 00 00
0570: 00 00 00 00 00 00 00 00 00 00 00 00 00 00 00 00
0580: 00 00 00 00 00 00 00 00 00 00 00 00 00 00 00 00
0590: 00 00 00 00 00 00 00 00 00 00 00 00 00 00 00 00
05a0: 00 00 00 00 00 00 00 00 00 00 00 00 00 00 00 00
05b0: 00 00 00 00 00 00 00 00 00 00 00 00 00 00 00 00
05c0: 00 00 00 00 00 00 00 00 00 00 00 00 00 00 00 00
05d0: 00 00 00 00 00 00 00 00 00 00 00 00 00 00 00 00
05e0: 00 00 00 00 00 00 00 00 00 00 00 00 00 00 00 00
05f0: 00 00 00 00 00 00 00 00 b3 0f 40 08 00 00 00 00
0600: 86 80 23 9d 03 00 80 02 21 00 05 0c 00 00 00 00
0610: 04 d0 12 b1 00 00 00 00 00 00 00 00 00 00 00 00
0620: 41 40 00 00 00 00 00 00 00 00 00 00 aa 17 42 38
0630: 00 00 00 00 00 00 00 00 00 00 00 00 ff 01 00 00
0640: 11 00 00 00 00 00 00 00 00 00 00 00 00 00 00 00
0650: 01 04 00 00 00 01 00 00 00 00 00 00 00 00 00 00
0660: 00 00 00 00 00 00 00 00 00 00 00 00 00 00 00 00
0670: 00 00 00 00 00 00 00 00 00 00 00 00 00 00 00 00
0680: 00 00 00 00 00 00 00 00 00 00 00 00 00 00 00 00
0690: 00 00 00 00 00 00 00 00 00 00 00 00 00 00 00 00
06a0: 00 00 00 00 00 00 00 00 00 00 00 00 00 00 00 00
06b0: 00 00 00 00 00 00 00 00 00 00 00 00 00 00 00 00
06c0: 00 00 00 00 00 00 00 00 00 00 00 00 00 00 00 00
06d0: 00 00 00 00 00 00 00 00 00 00 00 00 00 00 00 00
06e0: 00 00 00 00 00 00 00 00 00 00 00 00 00 00 00 00
06f0: 00 00 00 00 00 00 00 00 b3 0f 40 08 00 00 00 00
0700: 86 80 23 9d 03 00 80 02 21 00 05 0c 00 00 00 00
0710: 04 d0 12 b1 00 00 00 00 00 00 00 00 00 00 00 00
0720: 41 40 00 00 00 00 00 00 00 00 00 00 aa 17 42 38
0730: 00 00 00 00 00 00 00 00 00 00 00 00 ff 01 00 00
0740: 11 00 00 00 00 00 00 00 00 00 00 00 00 00 00 00
0750: 01 04 00 00 00 01 00 00 00 00 00 00 00 00 00 00
0760: 00 00 00 00 00 00 00 00 00 00 00 00 00 00 00 00
0770: 00 00 00 00 00 00 00 00 00 00 00 00 00 00 00 00
0780: 00 00 00 00 00 00 00 00 00 00 00 00 00 00 00 00
0790: 00 00 00 00 00 00 00 00 00 00 00 00 00 00 00 00
07a0: 00 00 00 00 00 00 00 00 00 00 00 00 00 00 00 00
07b0: 00 00 00 00 00 00 00 00 00 00 00 00 00 00 00 00
07c0: 00 00 00 00 00 00 00 00 00 00 00 00 00 00 00 00
07d0: 00 00 00 00 00 00 00 00 00 00 00 00 00 00 00 00
07e0: 00 00 00 00 00 00 00 00 00 00 00 00 00 00 00 00
07f0: 00 00 00 00 00 00 00 00 b3 0f 40 08 00 00 00 00
0800: 86 80 23 9d 03 00 80 02 21 00 05 0c 00 00 00 00
0810: 04 d0 12 b1 00 00 00 00 00 00 00 00 00 00 00 00
0820: 41 40 00 00 00 00 00 00 00 00 00 00 aa 17 42 38
0830: 00 00 00 00 00 00 00 00 00 00 00 00 ff 01 00 00
0840: 11 00 00 00 00 00 00 00 00 00 00 00 00 00 00 00
0850: 01 04 00 00 00 01 00 00 00 00 00 00 00 00 00 00
0860: 00 00 00 00 00 00 00 00 00 00 00 00 00 00 00 00
0870: 00 00 00 00 00 00 00 00 00 00 00 00 00 00 00 00
0880: 00 00 00 00 00 00 00 00 00 00 00 00 00 00 00 00
0890: 00 00 00 00 00 00 00 00 00 00 00 00 00 00 00 00
08a0: 00 00 00 00 00 00 00 00 00 00 00 00 00 00 00 00
08b0: 00 00 00 00 00 00 00 00 00 00 00 00 00 00 00 00
08c0: 00 00 00 00 00 00 00 00 00 00 00 00 00 00 00 00
08d0: 00 00 00 00 00 00 00 00 00 00 00 00 00 00 00 00
08e0: 00 00 00 00 00 00 00 00 00 00 00 00 00 00 00 00
08f0: 00 00 00 00 00 00 00 00 b3 0f 40 08 00 00 00 00
0900: 86 80 23 9d 03 00 80 02 21 00 05 0c 00 00 00 00
0910: 04 d0 12 b1 00 00 00 00 00 00 00 00 00 00 00 00
0920: 41 40 00 00 00 00 00 00 00 00 00 00 aa 17 42 38
0930: 00 00 00 00 00 00 00 00 00 00 00 00 ff 01 00 00
0940: 11 00 00 00 00 00 00 00 00 00 00 00 00 00 00 00
0950: 01 04 00 00 00 01 00 00 00 00 00 00 00 00 00 00
0960: 00 00 00 00 00 00 00 00 00 00 00 00 00 00 00 00
0970: 00 00 00 00 00 00 00 00 00 00 00 00 00 00 00 00
0980: 00 00 00 00 00 00 00 00 00 00 00 00 00 00 00 00
0990: 00 00 00 00 00 00 00 00 00 00 00 00 00 00 00 00
09a0: 00 00 00 00 00 00 00 00 00 00 00 00 00 00 00 00
09b0: 00 00 00 00 00 00 00 00 00 00 00 00 00 00 00 00
09c0: 00 00 00 00 00 00 00 00 00 00 00 00 00 00 00 00
09d0: 00 00 00 00 00 00 00 00 00 00 00 00 00 00 00 00
09e0: 00 00 00 00 00 00 00 00 00 00 00 00 00 00 00 00
09f0: 00 00 00 00 00 00 00 00 b3 0f 40 08 00 00 00 00
0a00: 86 80 23 9d 03 00 80 02 21 00 05 0c 00 00 00 00
0a10: 04 d0 12 b1 00 00 00 00 00 00 00 00 00 00 00 00
0a20: 41 40 00 00 00 00 00 00 00 00 00 00 aa 17 42 38
0a30: 00 00 00 00 00 00 00 00 00 00 00 00 ff 01 00 00
0a40: 11 00 00 00 00 00 00 00 00 00 00 00 00 00 00 00
0a50: 01 04 00 00 00 01 00 00 00 00 00 00 00 00 00 00
0a60: 00 00 00 00 00 00 00 00 00 00 00 00 00 00 00 00
0a70: 00 00 00 00 00 00 00 00 00 00 00 00 00 00 00 00
0a80: 00 00 00 00 00 00 00 00 00 00 00 00 00 00 00 00
0a90: 00 00 00 00 00 00 00 00 00 00 00 00 00 00 00 00
0aa0: 00 00 00 00 00 00 00 00 00 00 00 00 00 00 00 00
0ab0: 00 00 00 00 00 00 00 00 00 00 00 00 00 00 00 00
0ac0: 00 00 00 00 00 00 00 00 00 00 00 00 00 00 00 00
0ad0: 00 00 00 00 00 00 00 00 00 00 00 00 00 00 00 00
0ae0: 00 00 00 00 00 00 00 00 00 00 00 00 00 00 00 00
0af0: 00 00 00 00 00 00 00 00 b3 0f 40 08 00 00 00 00
0b00: 86 80 23 9d 03 00 80 02 21 00 05 0c 00 00 00 00
0b10: 04 d0 12 b1 00 00 00 00 00 00 00 00 00 00 00 00
0b20: 41 40 00 00 00 00 00 00 00 00 00 00 aa 17 42 38
0b30: 00 00 00 00 00 00 00 00 00 00 00 00 ff 01 00 00
0b40: 11 00 00 00 00 00 00 00 00 00 00 00 00 00 00 00
0b50: 01 04 00 00 00 01 00 00 00 00 00 00 00 00 00 00
0b60: 00 00 00 00 00 00 00 00 00 00 00 00 00 00 00 00
0b70: 00 00 00 00 00 00 00 00 00 00 00 00 00 00 00 00
0b80: 00 00 00 00 00 00 00 00 00 00 00 00 00 00 00 00
0b90: 00 00 00 00 00 00 00 00 00 00 00 00 00 00 00 00
0ba0: 00 00 00 00 00 00 00 00 00 00 00 00 00 00 00 00
0bb0: 00 00 00 00 00 00 00 00 00 00 00 00 00 00 00 00
0bc0: 00 00 00 00 00 00 00 00 00 00 00 00 00 00 00 00
0bd0: 00 00 00 00 00 00 00 00 00 00 00 00 00 00 00 00
0be0: 00 00 00 00 00 00 00 00 00 00 00 00 00 00 00 00
0bf0: 00 00 00 00 00 00 00 00 b3 0f 40 08 00 00 00 00
0c00: 86 80 23 9d 03 00 80 02 21 00 05 0c 00 00 00 00
0c10: 04 d0 12 b1 00 00 00 00 00 00 00 00 00 00 00 00
0c20: 41 40 00 00 00 00 00 00 00 00 00 00 aa 17 42 38
0c30: 00 00 00 00 00 00 00 00 00 00 00 00 ff 01 00 00
0c40: 11 00 00 00 00 00 00 00 00 00 00 00 00 00 00 00
0c50: 01 04 00 00 00 01 00 00 00 00 00 00 00 00 00 00
0c60: 00 00 00 00 00 00 00 00 00 00 00 00 00 00 00 00
0c70: 00 00 00 00 00 00 00 00 00 00 00 00 00 00 00 00
0c80: 00 00 00 00 00 00 00 00 00 00 00 00 00 00 00 00
0c90: 00 00 00 00 00 00 00 00 00 00 00 00 00 00 00 00
0ca0: 00 00 00 00 00 00 00 00 00 00 00 00 00 00 00 00
0cb0: 00 00 00 00 00 00 00 00 00 00 00 00 00 00 00 00
0cc0: 00 00 00 00 00 00 00 00 00 00 00 00 00 00 00 00
0cd0: 00 00 00 00 00 00 00 00 00 00 00 00 00 00 00 00
0ce0: 00 00 00 00 00 00 00 00 00 00 00 00 00 00 00 00
0cf0: 00 00 00 00 00 00 00 00 b3 0f 40 08 00 00 00 00
0d00: 86 80 23 9d 03 00 80 02 21 00 05 0c 00 00 00 00
0d10: 04 d0 12 b1 00 00 00 00 00 00 00 00 00 00 00 00
0d20: 41 40 00 00 00 00 00 00 00 00 00 00 aa 17 42 38
0d30: 00 00 00 00 00 00 00 00 00 00 00 00 ff 01 00 00
0d40: 11 00 00 00 00 00 00 00 00 00 00 00 00 00 00 00
0d50: 01 04 00 00 00 01 00 00 00 00 00 00 00 00 00 00
0d60: 00 00 00 00 00 00 00 00 00 00 00 00 00 00 00 00
0d70: 00 00 00 00 00 00 00 00 00 00 00 00 00 00 00 00
0d80: 00 00 00 00 00 00 00 00 00 00 00 00 00 00 00 00
0d90: 00 00 00 00 00 00 00 00 00 00 00 00 00 00 00 00
0da0: 00 00 00 00 00 00 00 00 00 00 00 00 00 00 00 00
0db0: 00 00 00 00 00 00 00 00 00 00 00 00 00 00 00 00
0dc0: 00 00 00 00 00 00 00 00 00 00 00 00 00 00 00 00
0dd0: 00 00 00 00 00 00 00 00 00 00 00 00 00 00 00 00
0de0: 00 00 00 00 00 00 00 00 00 00 00 00 00 00 00 00
0df0: 00 00 00 00 00 00 00 00 b3 0f 40 08 00 00 00 00
0e00: 86 80 23 9d 03 00 80 02 21 00 05 0c 00 00 00 00
0e10: 04 d0 12 b1 00 00 00 00 00 00 00 00 00 00 00 00
0e20: 41 40 00 00 00 00 00 00 00 00 00 00 aa 17 42 38
0e30: 00 00 00 00 00 00 00 00 00 00 00 00 ff 01 00 00
0e40: 11 00 00 00 00 00 00 00 00 00 00 00 00 00 00 00
0e50: 01 04 00 00 00 01 00 00 00 00 00 00 00 00 00 00
0e60: 00 00 00 00 00 00 00 00 00 00 00 00 00 00 00 00
0e70: 00 00 00 00 00 00 00 00 00 00 00 00 00 00 00 00
0e80: 00 00 00 00 00 00 00 00 00 00 00 00 00 00 00 00
0e90: 00 00 00 00 00 00 00 00 00 00 00 00 00 00 00 00
0ea0: 00 00 00 00 00 00 00 00 00 00 00 00 00 00 00 00
0eb0: 00 00 00 00 00 00 00 00 00 00 00 00 00 00 00 00
0ec0: 00 00 00 00 00 00 00 00 00 00 00 00 00 00 00 00
0ed0: 00 00 00 00 00 00 00 00 00 00 00 00 00 00 00 00
0ee0: 00 00 00 00 00 00 00 00 00 00 00 00 00 00 00 00
0ef0: 00 00 00 00 00 00 00 00 b3 0f 40 08 00 00 00 00
0f00: 86 80 23 9d 03 00 80 02 21 00 05 0c 00 00 00 00
0f10: 04 d0 12 b1 00 00 00 00 00 00 00 00 00 00 00 00
0f20: 41 40 00 00 00 00 00 00 00 00 00 00 aa 17 42 38
0f30: 00 00 00 00 00 00 00 00 00 00 00 00 ff 01 00 00
0f40: 11 00 00 00 00 00 00 00 00 00 00 00 00 00 00 00
0f50: 01 04 00 00 00 01 00 00 00 00 00 00 00 00 00 00
0f60: 00 00 00 00 00 00 00 00 00 00 00 00 00 00 00 00
0f70: 00 00 00 00 00 00 00 00 00 00 00 00 00 00 00 00
0f80: 00 00 00 00 00 00 00 00 00 00 00 00 00 00 00 00
0f90: 00 00 00 00 00 00 00 00 00 00 00 00 00 00 00 00
0fa0: 00 00 00 00 00 00 00 00 00 00 00 00 00 00 00 00
0fb0: 00 00 00 00 00 00 00 00 00 00 00 00 00 00 00 00
0fc0: 00 00 00 00 00 00 00 00 00 00 00 00 00 00 00 00
0fd0: 00 00 00 00 00 00 00 00 00 00 00 00 00 00 00 00
0fe0: 00 00 00 00 00 00 00 00 00 00 00 00 00 00 00 00
0ff0: 00 00 00 00 00 00 00 00 b3 0f 40 08 00 00 00 00

PCIe 01:00.0 extended config space:
0000: ec 10 68 81 07 04 10 00 10 00 00 02 10 00 00 00
0010: 01 30 00 00 00 00 00 00 04 40 00 b1 00 00 00 00
0020: 04 00 00 b1 00 00 00 00 00 00 00 00 aa 17 8a 38
0030: 00 00 00 00 40 00 00 00 00 00 00 00 ff 01 00 00
0040: 01 50 c3 ff 08 00 00 00 00 00 00 00 00 00 00 00
0050: 05 70 80 00 00 00 00 00 00 00 00 00 00 00 00 00
0060: 00 00 00 00 00 00 00 00 00 00 00 00 00 00 00 00
0070: 10 b0 02 02 c0 8c 90 05 10 50 19 00 11 7c 47 00
0080: 42 01 11 10 00 00 00 00 00 00 00 00 00 00 00 00
0090: 00 00 00 00 1f 08 0c 00 00 04 00 00 02 00 00 00
00a0: 00 00 00 00 00 00 00 00 00 00 00 00 00 00 00 00
00b0: 11 d0 03 80 04 00 00 00 04 08 00 00 00 00 00 00
00c0: 00 00 00 00 00 00 00 00 00 00 00 00 00 00 00 00
00d0: 03 00 00 00 00 00 00 00 00 00 00 00 00 00 00 00
00e0: 00 00 00 00 00 00 00 00 00 00 00 00 00 00 00 00
00f0: 00 00 00 00 00 00 00 00 00 00 00 00 00 00 00 00
0100: 01 00 02 14 00 00 00 00 00 00 40 00 30 20 46 00
0110: 00 20 00 00 00 60 00 00 a0 00 00 00 00 00 00 00
0120: 00 00 00 00 00 00 00 00 00 00 00 00 00 00 00 00
0130: 00 00 00 00 00 00 00 00 00 00 00 00 00 00 00 00
0140: 02 00 01 16 00 00 00 00 00 00 00 00 00 00 00 00
0150: 00 00 00 00 ff 00 00 80 00 00 00 00 00 00 00 00
0160: 03 00 01 17 00 e0 4c 68 00 00 00 01 00 00 00 00
0170: 18 00 81 17 03 10 03 10 1e 00 01 00 1f 96 79 00
0180: 10 00 00 00 79 00 00 00 00 00 00 00 00 00 00 00
0190: 00 00 00 00 00 00 00 00 00 00 00 00 00 00 00 00
01a0: 00 00 00 00 00 00 00 00 00 00 00 00 00 00 00 00
01b0: 00 00 00 00 00 00 00 00 00 00 00 00 00 00 00 00
01c0: 00 00 00 00 00 00 00 00 00 00 00 00 00 00 00 00
01d0: 00 00 00 00 00 00 00 00 00 00 00 00 00 00 00 00
01e0: 00 00 00 00 00 00 00 00 00 00 00 00 00 00 00 00
01f0: 00 00 00 00 00 00 00 00 00 00 00 00 00 00 00 00
0200: 00 00 00 00 00 00 00 00 00 00 00 00 00 00 00 00
0210: 00 00 00 00 00 00 00 00 00 00 00 00 00 00 00 00
0220: 00 00 00 00 00 00 00 00 00 00 00 00 00 00 00 00
0230: 00 00 00 00 00 00 00 00 00 00 00 00 00 00 00 00
0240: 00 00 00 00 00 00 00 00 00 00 00 00 00 00 00 00
0250: 00 00 00 00 00 00 00 00 00 00 00 00 00 00 00 00
0260: 00 00 00 00 00 00 00 00 00 00 00 00 00 00 00 00
0270: 00 00 00 00 00 00 00 00 00 00 00 00 00 00 00 00
0280: 00 00 00 00 00 00 00 00 00 00 00 00 00 00 00 00
0290: 00 00 00 00 00 00 00 00 00 00 00 00 00 00 00 00
02a0: 00 00 00 00 00 00 00 00 00 00 00 00 00 00 00 00
02b0: 00 00 00 00 00 00 00 00 00 00 00 00 00 00 00 00
02c0: 00 00 00 00 00 00 00 00 00 00 00 00 00 00 00 00
02d0: 00 00 00 00 00 00 00 00 00 00 00 00 00 00 00 00
02e0: 00 00 00 00 00 00 00 00 00 00 00 00 00 00 00 00
02f0: 00 00 00 00 00 00 00 00 00 00 00 00 00 00 00 00
0300: 00 00 00 00 00 00 00 00 00 00 00 00 00 00 00 00
0310: 00 00 00 00 00 00 00 00 00 00 00 00 00 00 00 00
0320: 00 00 00 00 00 00 00 00 00 00 00 00 00 00 00 00
0330: 00 00 00 00 00 00 00 00 00 00 00 00 00 00 00 00
0340: 00 00 00 00 00 00 00 00 00 00 00 00 00 00 00 00
0350: 00 00 00 00 00 00 00 00 00 00 00 00 00 00 00 00
0360: 00 00 00 00 00 00 00 00 00 00 00 00 00 00 00 00
0370: 00 00 00 00 00 00 00 00 00 00 00 00 00 00 00 00
0380: 00 00 00 00 00 00 00 00 00 00 00 00 00 00 00 00
0390: 00 00 00 00 00 00 00 00 00 00 00 00 00 00 00 00
03a0: 00 00 00 00 00 00 00 00 00 00 00 00 00 00 00 00
03b0: 00 00 00 00 00 00 00 00 00 00 00 00 00 00 00 00
03c0: 00 00 00 00 00 00 00 00 00 00 00 00 00 00 00 00
03d0: 00 00 00 00 00 00 00 00 00 00 00 00 00 00 00 00
03e0: 00 00 00 00 00 00 00 00 00 00 00 00 00 00 00 00
03f0: 00 00 00 00 00 00 00 00 00 00 00 00 00 00 00 00
0400: 00 00 00 00 00 00 00 00 00 00 00 00 00 00 00 00
0410: 00 00 00 00 00 00 00 00 00 00 00 00 00 00 00 00
0420: 00 00 00 00 00 00 00 00 00 00 00 00 00 00 00 00
0430: 00 00 00 00 00 00 00 00 00 00 00 00 00 00 00 00
0440: 00 00 00 00 00 00 00 00 00 00 00 00 00 00 00 00
0450: 00 00 00 00 00 00 00 00 00 00 00 00 00 00 00 00
0460: 00 00 00 00 00 00 00 00 00 00 00 00 00 00 00 00
0470: 00 00 00 00 00 00 00 00 00 00 00 00 00 00 00 00
0480: 00 00 00 00 00 00 00 00 00 00 00 00 00 00 00 00
0490: 00 00 00 00 00 00 00 00 00 00 00 00 00 00 00 00
04a0: 00 00 00 00 00 00 00 00 00 00 00 00 00 00 00 00
04b0: 00 00 00 00 00 00 00 00 00 00 00 00 00 00 00 00
04c0: 00 00 00 00 00 00 00 00 00 00 00 00 00 00 00 00
04d0: 00 00 00 00 00 00 00 00 00 00 00 00 00 00 00 00
04e0: 00 00 00 00 00 00 00 00 00 00 00 00 00 00 00 00
04f0: 00 00 00 00 00 00 00 00 00 00 00 00 00 00 00 00
0500: 00 00 00 00 00 00 00 00 00 00 00 00 00 00 00 00
0510: 00 00 00 00 00 00 00 00 00 00 00 00 00 00 00 00
0520: 00 00 00 00 00 00 00 00 00 00 00 00 00 00 00 00
0530: 00 00 00 00 00 00 00 00 00 00 00 00 00 00 00 00
0540: 00 00 00 00 00 00 00 00 00 00 00 00 00 00 00 00
0550: 00 00 00 00 00 00 00 00 00 00 00 00 00 00 00 00
0560: 00 00 00 00 00 00 00 00 00 00 00 00 00 00 00 00
0570: 00 00 00 00 00 00 00 00 00 00 00 00 00 00 00 00
0580: 00 00 00 00 00 00 00 00 00 00 00 00 00 00 00 00
0590: 00 00 00 00 00 00 00 00 00 00 00 00 00 00 00 00
05a0: 00 00 00 00 00 00 00 00 00 00 00 00 00 00 00 00
05b0: 00 00 00 00 00 00 00 00 00 00 00 00 00 00 00 00
05c0: 00 00 00 00 00 00 00 00 00 00 00 00 00 00 00 00
05d0: 00 00 00 00 00 00 00 00 00 00 00 00 00 00 00 00
05e0: 00 00 00 00 00 00 00 00 00 00 00 00 00 00 00 00
05f0: 00 00 00 00 00 00 00 00 00 00 00 00 00 00 00 00
0600: 00 00 00 00 00 00 00 00 00 00 00 00 00 00 00 00
0610: 00 00 00 00 00 00 00 00 00 00 00 00 00 00 00 00
0620: 00 00 00 00 00 00 00 00 00 00 00 00 00 00 00 00
0630: 00 00 00 00 00 00 00 00 00 00 00 00 00 00 00 00
0640: 00 00 00 00 00 00 00 00 00 00 00 00 00 00 00 00
0650: 00 00 00 00 00 00 00 00 00 00 00 00 00 00 00 00
0660: 00 00 00 00 00 00 00 00 00 00 00 00 00 00 00 00
0670: 00 00 00 00 00 00 00 00 00 00 00 00 00 00 00 00
0680: 00 00 00 00 00 00 00 00 00 00 00 00 00 00 00 00
0690: 00 00 00 00 00 00 00 00 00 00 00 00 00 00 00 00
06a0: 00 00 00 00 00 00 00 00 00 00 00 00 00 00 00 00
06b0: 00 00 00 00 00 00 00 00 00 00 00 00 00 00 00 00
06c0: 00 00 00 00 00 00 00 00 00 00 00 00 00 00 00 00
06d0: 00 00 00 00 00 00 00 00 00 00 00 00 00 00 00 00
06e0: 00 00 00 00 00 00 00 00 00 00 00 00 00 00 00 00
06f0: 00 00 00 00 00 00 00 00 00 00 00 00 00 00 00 00
0700: 76 00 63 01 ff ff ff ff 04 00 00 07 01 ff ff 27
0710: 20 01 01 00 00 00 00 00 00 00 02 00 80 02 00 20
0720: 00 00 00 00 00 00 00 00 51 5c 0e 03 10 00 00 08
0730: 50 c0 00 00 01 c0 00 00 ff ff 0f 00 01 00 00 00
0740: 0f 00 00 00 00 00 00 00 08 40 20 40 04 40 20 00
0750: 00 00 80 00 00 00 00 00 00 00 00 00 00 00 00 00
0760: 00 00 00 00 00 00 00 00 00 00 00 00 00 00 00 00
0770: 00 00 00 00 00 00 00 00 00 00 00 00 00 00 00 00
0780: 00 00 00 00 00 00 00 00 00 00 00 00 00 00 00 00
0790: 00 00 00 00 00 00 00 00 00 00 00 00 00 00 00 00
07a0: 00 00 00 00 00 00 00 00 00 00 00 00 00 00 00 00
07b0: 00 00 00 00 00 00 00 00 00 00 00 00 00 00 00 00
07c0: 00 00 00 00 00 00 00 00 00 00 00 00 00 00 00 00
07d0: 00 00 00 00 00 00 00 00 00 00 00 00 00 00 00 00
07e0: 00 00 00 00 00 00 00 00 00 00 00 00 00 00 00 00
07f0: 00 00 00 00 00 00 00 00 00 00 00 00 00 00 00 00
0800: 00 00 00 00 00 00 00 00 00 00 00 00 00 01 00 00
0810: 00 00 00 00 00 00 00 00 00 00 00 00 00 00 00 00
0820: 00 00 00 00 00 00 00 00 00 00 00 00 00 00 00 00
0830: 00 00 00 00 00 00 00 00 00 00 00 00 00 00 00 00
0840: 00 00 00 00 00 00 00 00 00 00 00 00 00 00 00 00
0850: 00 00 00 00 00 00 00 00 00 00 00 00 00 00 00 00
0860: 00 00 00 00 00 00 00 00 00 00 00 00 00 00 00 00
0870: 00 00 00 00 00 00 00 00 00 00 00 00 00 00 00 00
0880: 00 00 00 00 00 00 00 00 00 00 00 00 00 00 00 00
0890: 00 00 00 00 00 00 00 00 00 00 00 00 00 00 00 00
08a0: 00 00 00 00 00 00 00 00 00 00 00 00 00 00 00 00
08b0: 00 00 00 00 00 00 00 00 00 00 00 00 01 00 00 00
08c0: 00 00 00 00 00 00 00 00 00 00 00 00 00 00 00 00
08d0: 00 00 00 00 32 00 00 00 00 00 00 00 00 00 00 00
08e0: 00 00 00 00 00 00 00 00 00 00 00 00 00 00 00 00
08f0: 00 00 00 00 00 00 00 00 00 00 00 00 00 00 00 00
0900: 00 00 00 00 00 00 00 00 00 00 00 00 00 00 00 00
0910: 00 00 00 00 00 00 00 00 00 00 00 00 00 00 00 00
0920: 00 00 00 00 00 00 00 00 00 00 00 00 00 00 00 00
0930: 00 00 00 00 00 00 00 00 00 00 00 00 00 00 00 00
0940: 00 00 00 00 00 00 00 00 00 00 00 00 00 00 00 00
0950: 00 00 00 00 00 00 00 00 00 00 00 00 00 00 00 00
0960: 00 00 00 00 00 00 00 00 00 00 00 00 00 00 00 00
0970: 00 00 00 00 00 00 00 00 00 00 00 00 00 00 00 00
0980: 00 00 00 00 00 00 00 00 00 00 00 00 00 00 00 00
0990: 00 00 00 00 00 00 00 00 00 00 00 00 00 00 00 00
09a0: 00 00 00 00 00 00 00 00 00 00 00 00 00 00 00 00
09b0: 00 00 00 00 00 00 00 00 00 00 00 00 00 00 00 00
09c0: 00 00 00 00 00 00 00 00 00 00 00 00 00 00 00 00
09d0: 00 00 00 00 00 00 00 00 00 00 00 00 00 00 00 00
09e0: 00 00 00 00 00 00 00 00 00 00 00 00 00 00 00 00
09f0: 00 00 00 00 00 00 00 00 00 00 00 00 00 00 00 00
0a00: 00 00 00 00 00 00 00 00 00 00 00 00 00 00 00 00
0a10: 00 00 00 00 00 00 00 00 00 00 00 00 00 00 00 00
0a20: 00 00 00 00 00 00 00 00 00 00 00 00 00 00 00 00
0a30: 00 00 00 00 00 00 00 00 00 00 00 00 00 00 00 00
0a40: 00 00 00 00 00 00 00 00 00 00 00 00 00 00 00 00
0a50: 00 00 00 00 00 00 00 00 00 00 00 00 00 00 00 00
0a60: 00 00 00 00 00 00 00 00 00 00 00 00 00 00 00 00
0a70: 00 00 00 00 00 00 00 00 00 00 00 00 00 00 00 00
0a80: 00 00 00 00 00 00 00 00 00 00 00 00 00 00 00 00
0a90: 00 00 00 00 00 00 00 00 00 00 00 00 00 00 00 00
0aa0: 00 00 00 00 00 00 00 00 00 00 00 00 00 00 00 00
0ab0: 00 00 00 00 00 00 00 00 00 00 00 00 00 00 00 00
0ac0: 00 00 00 00 00 00 00 00 00 00 00 00 00 00 00 00
0ad0: 00 00 00 00 00 00 00 00 00 00 00 00 00 00 00 00
0ae0: 00 00 00 00 00 00 00 00 00 00 00 00 00 00 00 00
0af0: 00 00 00 00 00 00 00 00 00 00 00 00 00 00 00 00
0b00: 00 00 00 00 00 00 00 00 00 00 00 00 00 00 00 00
0b10: 00 00 00 00 00 00 00 00 00 00 00 00 00 00 00 00
0b20: 00 00 00 00 00 00 00 00 00 00 00 00 00 00 00 00
0b30: 00 00 00 00 00 00 00 00 00 00 00 00 00 00 00 00
0b40: 19 00 00 00 d3 00 00 00 00 00 00 00 00 00 00 00
0b50: 00 00 00 00 00 00 00 00 00 00 00 00 00 00 00 00
0b60: 00 00 00 00 00 00 00 00 00 00 00 00 00 00 00 00
0b70: 00 00 00 00 00 00 00 00 00 00 00 00 00 00 00 00
0b80: 00 00 00 00 00 00 00 00 00 00 00 00 00 00 00 00
0b90: 00 00 00 00 00 00 00 00 00 00 00 00 00 00 00 00
0ba0: 00 00 00 00 00 00 00 00 00 00 00 00 00 00 00 00
0bb0: 00 00 00 00 00 00 00 00 00 00 00 00 00 00 00 00
0bc0: 00 00 00 00 00 00 00 00 00 00 00 00 00 00 00 00
0bd0: 00 00 00 00 00 00 00 00 00 00 00 00 00 00 00 00
0be0: 00 00 00 00 00 00 00 00 00 00 00 00 00 00 00 00
0bf0: 00 00 00 00 00 00 00 00 00 00 00 00 00 00 00 00
0c00: 00 00 00 00 00 00 00 00 00 00 00 00 00 00 00 00
0c10: 00 00 00 00 00 00 00 00 00 00 00 00 00 00 00 00
0c20: 00 00 00 00 00 00 00 00 00 00 00 00 00 00 00 00
0c30: 00 00 00 00 00 00 00 00 00 00 00 00 00 00 00 00
0c40: 00 00 00 00 00 00 00 00 00 00 00 00 00 00 00 00
0c50: 00 00 00 00 00 00 00 00 00 00 00 00 00 00 00 00
0c60: 00 00 00 00 00 00 00 00 00 00 00 00 00 00 00 00
0c70: 00 00 00 00 00 00 00 00 00 00 00 00 00 00 00 00
0c80: 00 00 00 00 00 00 00 00 00 00 00 00 00 00 00 00
0c90: 00 00 00 00 00 00 00 00 00 00 00 00 00 00 00 00
0ca0: 00 00 00 00 00 00 00 00 00 00 00 00 00 00 00 00
0cb0: 00 00 00 00 00 00 00 00 00 00 00 00 00 00 00 00
0cc0: 00 00 00 00 00 00 00 00 00 00 00 00 00 00 00 00
0cd0: 00 00 00 00 00 00 00 00 00 00 00 00 00 00 00 00
0ce0: 00 00 00 00 00 00 00 00 00 00 00 00 00 00 00 00
0cf0: 00 00 00 00 00 00 00 00 00 00 00 00 00 00 00 00
0d00: 00 00 00 00 00 00 00 00 00 00 00 00 00 00 00 00
0d10: 00 00 00 00 00 00 00 00 00 00 00 00 00 00 00 00
0d20: 00 00 00 00 00 00 00 00 00 00 00 00 00 00 00 00
0d30: 00 00 00 00 00 00 00 00 00 00 00 00 00 00 00 00
0d40: 00 00 00 00 00 00 00 00 00 00 00 00 00 00 00 00
0d50: 00 00 00 00 00 00 00 00 00 00 00 00 00 00 00 00
0d60: 00 00 00 00 00 00 00 00 00 00 00 00 00 00 00 00
0d70: 00 00 00 00 00 00 00 00 00 00 00 00 00 00 00 00
0d80: 00 00 00 00 00 00 00 00 00 00 00 00 00 00 00 00
0d90: 00 00 00 00 00 00 00 00 00 00 00 00 00 00 00 00
0da0: 00 00 00 00 00 00 00 00 00 00 00 00 00 00 00 00
0db0: 00 00 00 00 00 00 00 00 00 00 00 00 00 00 00 00
0dc0: 00 00 00 00 00 00 00 00 00 00 00 00 00 00 00 00
0dd0: 00 00 00 00 00 00 00 00 00 00 00 00 00 00 00 00
0de0: 00 00 00 00 00 00 00 00 00 00 00 00 00 00 00 00
0df0: 00 00 00 00 00 00 00 00 00 00 00 00 00 00 00 00
0e00: 00 00 00 00 00 00 00 00 00 00 00 00 00 00 00 00
0e10: 00 00 00 00 00 00 00 00 00 00 00 00 00 00 00 00
0e20: 00 00 00 00 00 00 00 00 00 00 00 00 00 00 00 00
0e30: 00 00 00 00 00 00 00 00 00 00 00 00 00 00 00 00
0e40: 00 00 00 00 00 00 00 00 00 00 00 00 00 00 00 00
0e50: 00 00 00 00 00 00 00 00 00 00 00 00 00 00 00 00
0e60: 00 00 00 00 00 00 00 00 00 00 00 00 00 00 00 00
0e70: 00 00 00 00 00 00 00 00 00 00 00 00 00 00 00 00
0e80: 00 00 00 00 00 00 00 00 00 00 00 00 00 00 00 00
0e90: 00 00 00 00 00 00 00 00 00 00 00 00 00 00 00 00
0ea0: 00 00 00 00 00 00 00 00 00 00 00 00 00 00 00 00
0eb0: 00 00 00 00 00 00 00 00 00 00 00 00 00 00 00 00
0ec0: 00 00 00 00 00 00 00 00 00 00 00 00 00 00 00 00
0ed0: 00 00 00 00 00 00 00 00 00 00 00 00 00 00 00 00
0ee0: 00 00 00 00 00 00 00 00 00 00 00 00 00 00 00 00
0ef0: 00 00 00 00 00 00 00 00 00 00 00 00 00 00 00 00
0f00: 00 00 00 00 00 00 00 00 00 00 00 00 00 00 00 00
0f10: 00 00 00 00 00 00 00 00 00 00 00 00 00 00 00 00
0f20: 00 00 00 00 00 00 00 00 00 00 00 00 00 00 00 00
0f30: 00 00 00 00 00 00 00 00 00 00 00 00 00 00 00 00
0f40: 00 00 00 00 00 00 00 00 00 00 00 00 00 00 00 00
0f50: 00 00 00 00 00 00 00 00 00 00 00 00 00 00 00 00
0f60: 00 00 00 00 00 00 00 00 00 00 00 00 00 00 00 00
0f70: 00 00 00 00 00 00 00 00 00 00 00 00 00 00 00 00
0f80: 00 00 00 00 00 00 00 00 00 00 00 00 00 00 00 00
0f90: 00 00 00 00 00 00 00 00 00 00 00 00 00 00 00 00
0fa0: 00 00 00 00 00 00 00 00 00 00 00 00 00 00 00 00
0fb0: 00 00 00 00 00 00 00 00 00 00 00 00 00 00 00 00
0fc0: 00 00 00 00 00 00 00 00 00 00 00 00 00 00 00 00
0fd0: 00 00 00 00 00 00 00 00 00 00 00 00 00 00 00 00
0fe0: 00 00 00 00 00 00 00 00 00 00 00 00 00 00 00 00
0ff0: 00 00 00 00 00 00 00 00 00 00 00 00 00 00 00 00


Error: Dumping MSRs on this CPU (0x0406e0) is not (yet) supported.



============= AMBs ============

Error: Dumping AMBs on this MCH is not (yet) supported.

============= SPI / BIOS CNTL =============

BIOS_CNTL = 0x00a2 (IO)

0x0000 = BIOSWE - write enable
0x0001 = BLE - lock enable
0x0000 = SPI Read configuration
0x0000 = TopSwapStatus
0x0001 = SMM BIOS Write Protect Disable
0x0002 = reserved

============= SPI Bar ==============

0x00000000 = BFPR - BIOS Flash primary region
0x00000000 = HSFSTS - Hardware Sequencing Flash Status
0x00000000 = HSFCTL - Hardware Sequencing Flash Control
0x00000000 = FADDR - Flash Address
0x00000000 = Reserved
0x00000000 = FDATA0
0x00000000 = FRACC - Flash Region Access Permissions
0x00000000 = Flash Region 0
0x00000000 = Flash Region 1
0x00000000 = Flash Region 2
0x00000000 = Flash Region 3
0x00000000 = Flash Region 4
0x00000000 = FPR0 Flash Protected Range 0
0x00000000 = FPR0 Flash Protected Range 1
0x00000000 = FPR0 Flash Protected Range 2
0x00000000 = FPR0 Flash Protected Range 3
0x00000000 = FPR0 Flash Protected Range 4
0x00000000 = SSFSTS - Software Sequencing Flash Status
0x00000000 = PREOP - Prefix opcode Configuration
0x00000000 = OPTYPE - Opcode Type Configuration
0x0000000000000000 = OPMENU - Opcode Menu Configuration
0x00000000 = BBAR - BIOS Base Address Configuration
0x00000000 = FDOC - Flash Descriptor Observability Control
0x00000000 = Reserved
0x00000000 = AFC - Additional Flash Control
0x00000000 = LVSCC - Host Lower Vendor Specific Component Capabilities
0x00000000 = UVSCC - Host Upper Vendor Specific Component Capabilities
0x00000000 = FPB - Flash Partition Boundary

============= AHCI Registers ==============


============= AHCI Configuration Registers ==============

0x0000: 0x9d038086 (ID)
0x0004: 0x0407     (CMD)
0x0006: 0x02b0     (STS)
0x0008: 0x21       (RID)
0x0009: 0x01       (PI)
0x000a: 0x0106     (CC)
0x000c: 0x00       (CLS)
0x000d: 0x00       (MLT)
0x000e: 0x00       (HTYPE)
0x0010: 0xb1128000 (MXTBA)
0x0014: 0xb112e000 (MXPBA)
0x0020: 0x00004061 (AIDPBA)
0x0024: 0xb112c000 (ABAR)
0x002c: 0x384017aa (SS)
0x0034: 0x80       (CAP)
0x003c: 0x01ff     (INTR)
0x0070: 0xa801     (PID)
0x0072: 0x4003     (PC)
0x0074: 0x0008     (PMCS)
0x0080: 0x7005     (MID)
0x0082: 0x0001     (MC)
0x0084: 0xfee00258 (MA)
0x0088: 0x0000     (MD)
0x0090: 0x80000700 (MAP)
0x0094: 0x00000183 (PCS)
0x009c: 0x80000030 (SATAGC)
0x00a0: 0xa4       (SIRI)
0x00a4: 0x00000000 (SIRD)
0x00a8: 0x00100012 (SATACR0)
0x00ac: 0x00000048 (SATACR1)
0x00c0: 0x00000000 (SP)
0x00d0: 0x0011     (MXID)
0x00d2: 0x0000     (MXC)
0x00d4: 0x00000000 (MXT)
0x00d8: 0x00000001 (MXP)
0x00e0: 0x00000000 (BFCS)
0x00e4: 0x00000000 (BFTD1)
0x00e8: 0x00000000 (BFTD2)

============= SATA Initialization Registers ==============

0x80: 0x00000000 (SQUELCH)
0x90: 0x00000000 (SATA_MPHY_PG)
0xa4: 0x00000000 (OOBRETR)

============= ABAR ==============

ABAR = 0xb112c000 (MEM)

Generic Host Control Registers:
0x000: 0xc734ff01 (CAP)
0x004: 0x80000002 (GHC)
0x008: 0x00000000 (IS)
0x00c: 0x00000003 (PI)
0x010: 0x00010301 (VS)
0x014: 0x00000000 (CCC_CTL)
0x018: 0x00000000 (CCC_PORTS)
0x01c: 0x00000000 (EM_LOC)
0x020: 0x00000000 (EM_CTL)
0x024: 0x0000003c (CAP2)
0x028: 0x00000000 (BOHC)
0x0a0: 0x00000078 (Reserved)
0x0a4: 0x000f0000 (Reserved)
0x0c0: 0x00319d03 (Reserved)
0x0c4: 0x0000001f (Reserved)
0x0c8: 0x000000c0 (Reserved)

Port 0 Control Registers:
0x100: 0x02620000 (PxCLB)
0x104: 0x00000001 (PxCLBU)
0x108: 0x02620400 (PxFB)
0x10c: 0x00000001 (PxFBU)
0x110: 0x00000000 (PxIS)
0x114: 0x7800007f (PxIE)
0x118: 0x04004016 (PxCMD)
0x11c: 0x00000000 (Reserved)
0x120: 0x0000007f (PxTFD)
0x124: 0xffffffff (PxSIG)
0x128: 0x00000004 (PxSSTS)
0x12c: 0x00000304 (PxSCTL)
0x130: 0x00000000 (PxSERR)
0x134: 0x00000000 (PxSACT)
0x138: 0x00000000 (PxCI)
0x13c: 0x00000000 (PxSNTF)
0x140: 0x00000000 (PxFBS)
0x144: 0x00000000 (PxDEVSLP)
0x148: 0x00000000 (Reserved)

Port 1 Control Registers:
0x180: 0x02640000 (PxCLB)
0x184: 0x00000001 (PxCLBU)
0x188: 0x02640400 (PxFB)
0x18c: 0x00000001 (PxFBU)
0x190: 0x00000000 (PxIS)
0x194: 0x7800007f (PxIE)
0x198: 0x04004016 (PxCMD)
0x19c: 0x00000000 (Reserved)
0x1a0: 0x0000007f (PxTFD)
0x1a4: 0xffffffff (PxSIG)
0x1a8: 0x00000004 (PxSSTS)
0x1ac: 0x00000304 (PxSCTL)
0x1b0: 0x00000000 (PxSERR)
0x1b4: 0x00000000 (PxSACT)
0x1b8: 0x00000000 (PxCI)
0x1bc: 0x00000000 (PxSNTF)
0x1c0: 0x00000000 (PxFBS)
0x1c4: 0x00000000 (PxDEVSLP)
0x1c8: 0x00000000 (Reserved)

Other registers:

============= Dumping INTEL SGX status =============
Number of CPUs = 4
------------- CPU 0 ----------------
SGX supported             : YES
SGX enabled               : NO
Feature Control locked    : YES
------------- CPU 1 ----------------
SGX supported             : YES
SGX enabled               : NO
Feature Control locked    : YES
------------- CPU 2 ----------------
SGX supported             : YES
SGX enabled               : NO
Feature Control locked    : YES
------------- CPU 3 ----------------
SGX supported             : YES
SGX enabled               : NO
Feature Control locked    : YES
====================================================

============= Dumping INTEL TME status =============
TME supported : NO
====================================================

============= Dumping INTEL Key Locker status =============
Key Locker supported : NO
===========================================================
